-- phpMyAdmin SQL Dump
-- version 4.9.2
-- https://www.phpmyadmin.net/
--
-- Máy chủ: 127.0.0.1
-- Thời gian đã tạo: Th3 03, 2021 lúc 04:56 AM
-- Phiên bản máy phục vụ: 10.4.10-MariaDB
-- Phiên bản PHP: 7.3.12

SET SQL_MODE = "NO_AUTO_VALUE_ON_ZERO";
SET AUTOCOMMIT = 0;
START TRANSACTION;
SET time_zone = "+00:00";


/*!40101 SET @OLD_CHARACTER_SET_CLIENT=@@CHARACTER_SET_CLIENT */;
/*!40101 SET @OLD_CHARACTER_SET_RESULTS=@@CHARACTER_SET_RESULTS */;
/*!40101 SET @OLD_COLLATION_CONNECTION=@@COLLATION_CONNECTION */;
/*!40101 SET NAMES utf8mb4 */;

--
-- Cơ sở dữ liệu: `thoitrang`
--

-- --------------------------------------------------------

--
-- Cấu trúc bảng cho bảng `admin`
--

CREATE TABLE `admin` (
  `id` int(11) NOT NULL,
  `HoTen` varchar(50) COLLATE utf8_unicode_ci NOT NULL,
  `DiaChi` varchar(100) COLLATE utf8_unicode_ci NOT NULL,
  `Email` varchar(100) COLLATE utf8_unicode_ci NOT NULL,
  `MatKhau` char(60) COLLATE utf8_unicode_ci NOT NULL,
  `DienThoai` varchar(12) COLLATE utf8_unicode_ci NOT NULL,
  `NgaySinh` date NOT NULL,
  `GioiTinh` varchar(3) COLLATE utf8_unicode_ci NOT NULL,
  `CapBat` tinyint(4) DEFAULT 1,
  `AnhDD` varchar(20) COLLATE utf8_unicode_ci DEFAULT NULL,
  `TrangThai` tinyint(4) NOT NULL DEFAULT 1,
  `Created_at` timestamp NOT NULL DEFAULT current_timestamp(),
  `Update_at` timestamp NOT NULL DEFAULT current_timestamp() ON UPDATE current_timestamp()
) ENGINE=InnoDB DEFAULT CHARSET=utf8 COLLATE=utf8_unicode_ci;

--
-- Đang đổ dữ liệu cho bảng `admin`
--

INSERT INTO `admin` (`id`, `HoTen`, `DiaChi`, `Email`, `MatKhau`, `DienThoai`, `NgaySinh`, `GioiTinh`, `CapBat`, `AnhDD`, `TrangThai`, `Created_at`, `Update_at`) VALUES
(6, 'Trần Hoàng Kha', 'Rạch Giá, tỉnh Kiên Giang', 'tranhoangkha366@gmail.com', '$2y$10$XrmXU/VEstDqM7t3yNxEG.wjWabhJ.guo/ZSOje54l1eazL.w7Dsm', '03647844052', '1999-11-09', 'Nam', 2, '20201201_77809.jpg', 1, '2020-07-03 01:58:12', '2020-12-05 11:09:33'),
(11, 'Trần Văn Minh', 'Rạch Giá', 'tranvanminh@gmail.com', '$2y$10$XrmXU/VEstDqM7t3yNxEG.wjWabhJ.guo/ZSOje54l1eazL.w7Dsm', '0364784406', '1999-11-09', 'Nam', 1, '', 1, '2020-10-21 03:03:25', '2021-03-03 03:55:19'),
(15, 'Nguyễn Ngọc', 'Châu Thành, tỉnh Kiên Giang', 'nguyenngoc@gmail.com', '$2y$10$XrmXU/VEstDqM7t3yNxEG.wjWabhJ.guo/ZSOje54l1eazL.w7Dsm', '0923234432', '1988-02-21', 'Nữ', 1, '20201205_42125.jpg', 1, '2020-12-05 11:16:21', '2021-03-03 03:55:22');

-- --------------------------------------------------------

--
-- Cấu trúc bảng cho bảng `adver`
--

CREATE TABLE `adver` (
  `id` int(11) NOT NULL,
  `AnhAdver` varchar(20) COLLATE utf8_unicode_ci NOT NULL,
  `DuongDan` varchar(200) COLLATE utf8_unicode_ci NOT NULL,
  `HienThi` tinyint(4) NOT NULL DEFAULT 0,
  `Update_at` timestamp NOT NULL DEFAULT current_timestamp() ON UPDATE current_timestamp()
) ENGINE=InnoDB DEFAULT CHARSET=utf8 COLLATE=utf8_unicode_ci;

--
-- Đang đổ dữ liệu cho bảng `adver`
--

INSERT INTO `adver` (`id`, `AnhAdver`, `DuongDan`, `HienThi`, `Update_at`) VALUES
(5, '20201125_32839.jpg', 'sale.php', 1, '2020-12-04 05:04:04'),
(8, '20201201_1576.jpg', 'sale.php', 1, '2020-12-04 05:04:05');

-- --------------------------------------------------------

--
-- Cấu trúc bảng cho bảng `banner`
--

CREATE TABLE `banner` (
  `id` int(11) NOT NULL,
  `TieuDe` varchar(100) COLLATE utf8_unicode_ci NOT NULL,
  `NoiDung` varchar(300) COLLATE utf8_unicode_ci NOT NULL,
  `AnhBanner` varchar(20) COLLATE utf8_unicode_ci NOT NULL,
  `HienThi` tinyint(4) NOT NULL DEFAULT 0,
  `Created_at` timestamp NOT NULL DEFAULT current_timestamp(),
  `Update_at` timestamp NOT NULL DEFAULT current_timestamp() ON UPDATE current_timestamp()
) ENGINE=InnoDB DEFAULT CHARSET=utf8 COLLATE=utf8_unicode_ci;

--
-- Đang đổ dữ liệu cho bảng `banner`
--

INSERT INTO `banner` (`id`, `TieuDe`, `NoiDung`, `AnhBanner`, `HienThi`, `Created_at`, `Update_at`) VALUES
(1, 'Siêu Khuyến Mãi', 'Khuyến mãi nhân dịp...', '20201130_18677.jpg', 1, '2020-11-25 05:15:39', '2020-12-04 05:04:32'),
(2, 'Khuyến Mãi 12 - 12', 'Siêu khuyến mãi...', '20201125_14686.jpg', 1, '2020-11-25 05:38:45', '2020-12-04 05:04:36'),
(6, 'Chào Mừng Ngày Mở Website', 'Khuyến Mãi...', '20201125_32428.jpg', 1, '2020-11-25 06:18:05', '2020-12-04 05:04:34');

-- --------------------------------------------------------

--
-- Cấu trúc bảng cho bảng `binhluan`
--

CREATE TABLE `binhluan` (
  `id` int(11) NOT NULL,
  `NoiDung` varchar(100) COLLATE utf8_unicode_ci NOT NULL,
  `TrangThai` tinyint(4) NOT NULL DEFAULT 1,
  `id_SanPham` int(11) NOT NULL,
  `id_User` int(11) NOT NULL,
  `created_at` timestamp NOT NULL DEFAULT current_timestamp()
) ENGINE=InnoDB DEFAULT CHARSET=utf8 COLLATE=utf8_unicode_ci;

--
-- Đang đổ dữ liệu cho bảng `binhluan`
--

INSERT INTO `binhluan` (`id`, `NoiDung`, `TrangThai`, `id_SanPham`, `id_User`, `created_at`) VALUES
(60, 'Sản phẩm ok', 1, 3, 35, '2020-12-05 15:58:39'),
(61, 'Mặc rất ok ạ', 0, 3, 35, '2020-12-07 04:50:45'),
(62, 'Sản phẩm có như hình không ạ?', 1, 3, 45, '2020-12-07 05:10:56'),
(63, 'sản phẩm ', 1, 32, 46, '2020-12-09 01:25:34');

-- --------------------------------------------------------

--
-- Cấu trúc bảng cho bảng `blog`
--

CREATE TABLE `blog` (
  `id` int(11) NOT NULL,
  `TieuDe` varchar(200) COLLATE utf8_unicode_ci NOT NULL,
  `TomTat` varchar(400) COLLATE utf8_unicode_ci NOT NULL,
  `NoiDung` text COLLATE utf8_unicode_ci DEFAULT NULL,
  `Hinh` varchar(20) COLLATE utf8_unicode_ci NOT NULL,
  `LuotXem` int(11) NOT NULL DEFAULT 0,
  `TrangThai` tinyint(4) NOT NULL DEFAULT 1,
  `Created_by` int(11) NOT NULL,
  `Update_by` int(11) NOT NULL,
  `Created_at` timestamp NOT NULL DEFAULT current_timestamp(),
  `Updated_at` timestamp NOT NULL DEFAULT current_timestamp() ON UPDATE current_timestamp()
) ENGINE=InnoDB DEFAULT CHARSET=utf8 COLLATE=utf8_unicode_ci;

--
-- Đang đổ dữ liệu cho bảng `blog`
--

INSERT INTO `blog` (`id`, `TieuDe`, `TomTat`, `NoiDung`, `Hinh`, `LuotXem`, `TrangThai`, `Created_by`, `Update_by`, `Created_at`, `Updated_at`) VALUES
(1, 'Local brand ngành thời trang tại Việt Nam- Thị trường mới mẻ đầy thách thức.', 'Không cần phải là những thương hiệu nổi tiếng của quốc tế, các local brand nhỏ giữa lòng Sài Gòn cũng đã khiến giới trẻ mê mệt và đang rất ưa chuộng. Vậy local brand là gì mà chúng ta được nghe đến khá nhiều trong những năm gần đây vậy?', '<p><strong>Local Brand</strong>&nbsp;l&agrave; cụm từ d&ugrave;ng để chỉ &nbsp;những thương hiệu thời trang nội địa của một khu vực nhất định chẳng hạn như Việt Nam. Để bắt kịp nhanh ch&oacute;ng những &nbsp;xu hướng hiện nay của giới trẻ trong nước v&agrave; c&aacute;c t&iacute;n đồ thời trang nước ngo&agrave;i, local brand ra đời với d&ograve;ng thời trang đang được ưa chuộng nhất mở ra tại khắp nơi tr&ecirc;n đất nước Việt Nam.</p>\r\n\r\n<p style=\"text-align:center\"><img alt=\"\" src=\"/ckfinder/userfiles/files/123job.jpg\" style=\"height:400px; width:640px\" /><img alt=\"\" src=\"/ckfinder/userfiles/files/2020_06_20______59094fcbd9feae2cb393f943b0282ccf.jpg\" style=\"height:500px; width:700px\" /></p>\r\n\r\n<p style=\"text-align:center\"><img alt=\"\" src=\"/ckfinder/userfiles/files/banner4.png\" /></p>\r\n', '20201201_24340.jpg', 1, 1, 6, 6, '2020-11-16 03:59:22', '2020-12-01 06:40:51'),
(6, 'Sự lên ngôi của 6 xu hướng hứa hẹn sẽ làm bùng nổ làng thời trang Thu Đông 2019', 'Chào mùa mới, các tín đồ thời trang lại rục rịch tìm kiếm ý tưởng độc – lạ để refresh tủ quần áo thu đông. Hình ảnh streetstyle ngập tràn trên trang cá nhân của các IT girls Á Âu là những gợi ý lý tưởng cho xu hướng năm nay. Dưới đây là  6 xu hướng hứa hẹn khuấy động làng mốt mà nàng có thể tham khảo.', '<p><strong>M&agrave;u hồng &ndash; Biểu tượng l&atilde;ng mạn v&agrave; nữ t&iacute;nh</strong></p>\r\n\r\n<p>L&agrave; gam m&agrave;u được thảm đỏ Oscar danh gi&aacute; ưu &aacute;i năm nay, sắc hồng sẽ l&agrave;m s&aacute;ng bừng những ng&agrave;y tiết trời u buồn của m&ugrave;a thu. D&ugrave; l&agrave; sắc hồng pastel nhẹ nh&agrave;ng hay gam hồng neon nổi bật, c&aacute;c nh&agrave; mốt vẫn lu&ocirc;n biết c&aacute;ch chiều l&ograve;ng giới mộ điệu với c&aacute;c thiết kế cực k&igrave; trendy.</p>\r\n\r\n<p style=\"text-align:center\"><img alt=\"\" src=\"/ckfinder/userfiles/files/fw19-trend-1.jpg\" style=\"height:380px; width:760px\" /></p>\r\n\r\n<p style=\"text-align:center\"><img alt=\"\" src=\"/ckfinder/userfiles/files/fw19-trend-1.jpg\" style=\"height:380px; width:760px\" /></p>\r\n\r\n<p style=\"text-align:center\"><img alt=\"\" src=\"/ckfinder/userfiles/files/2020_06_20______59094fcbd9feae2cb393f943b0282ccf.jpg\" style=\"height:500px; width:700px\" /></p>\r\n', '20201120_87915.jpg', 3, 1, 6, 6, '2020-11-20 03:21:19', '2020-12-08 03:22:43');

-- --------------------------------------------------------

--
-- Cấu trúc bảng cho bảng `chi_tiet_dh`
--

CREATE TABLE `chi_tiet_dh` (
  `id` int(11) NOT NULL,
  `id_DonHang` int(11) NOT NULL,
  `id_SanPham` int(11) NOT NULL,
  `id_CT_Size` int(11) NOT NULL,
  `SoLuongCT` int(11) NOT NULL,
  `Size_CT` varchar(15) COLLATE utf8_unicode_ci NOT NULL,
  `GiaBan` int(11) NOT NULL,
  `Created_at` timestamp NOT NULL DEFAULT current_timestamp(),
  `Update_at` timestamp NOT NULL DEFAULT current_timestamp() ON UPDATE current_timestamp()
) ENGINE=InnoDB DEFAULT CHARSET=utf8 COLLATE=utf8_unicode_ci;

--
-- Đang đổ dữ liệu cho bảng `chi_tiet_dh`
--

INSERT INTO `chi_tiet_dh` (`id`, `id_DonHang`, `id_SanPham`, `id_CT_Size`, `SoLuongCT`, `Size_CT`, `GiaBan`, `Created_at`, `Update_at`) VALUES
(123, 125, 43, 4, 1, 'L', 180000, '2020-12-05 08:09:44', '2020-12-06 10:26:52'),
(124, 126, 95, 10, 1, 'M', 84790, '2020-12-05 08:13:10', '2020-12-06 10:27:38'),
(125, 126, 3, 10, 1, 'M', 39000, '2020-12-05 08:13:10', '2020-12-06 10:27:46'),
(126, 127, 8, 5, 2, 'XL', 283500, '2020-12-05 08:25:01', '2020-12-06 10:28:05'),
(127, 128, 45, 29, 1, '42', 158600, '2020-12-05 08:25:27', '2020-12-06 10:28:24'),
(128, 129, 3, 4, 1, 'L', 39000, '2020-12-05 08:27:05', '2020-12-06 10:27:26'),
(129, 130, 19, 10, 1, 'M', 40000, '2019-12-05 08:33:29', '2020-12-06 10:27:54'),
(130, 130, 22, 5, 1, 'XL', 65000, '2019-12-05 08:33:29', '2020-12-06 10:28:35'),
(131, 131, 53, 22, 1, '35', 252000, '2020-12-05 08:44:41', '2020-12-06 10:28:47'),
(132, 132, 7, 4, 1, 'L', 118000, '2020-12-05 08:49:05', '2020-12-06 10:27:16'),
(133, 133, 12, 13, 1, 'Freesize', 122550, '2020-12-05 08:49:25', '2020-12-06 10:28:57'),
(134, 134, 50, 24, 2, '37', 225000, '2020-12-05 08:50:12', '2020-12-06 10:29:16'),
(135, 135, 6, 4, 1, 'L', 78000, '2020-12-05 13:42:48', '2020-12-06 10:27:06'),
(137, 137, 52, 4, 1, 'L', 188600, '2020-12-06 10:33:52', '2020-12-06 10:33:52'),
(138, 137, 12, 13, 1, 'Freesize', 122550, '2020-12-06 10:33:52', '2020-12-06 10:33:52'),
(139, 138, 32, 10, 1, 'M', 379000, '2020-12-06 10:48:31', '2020-12-06 10:48:31'),
(140, 138, 38, 21, 1, 'S', 200000, '2020-12-06 10:48:31', '2020-12-06 10:48:31'),
(143, 141, 12, 13, 3, 'Freesize', 122550, '2020-12-06 11:12:09', '2020-12-06 11:12:09'),
(144, 141, 32, 4, 2, 'L', 379000, '2020-12-06 11:12:09', '2020-12-06 11:12:09'),
(145, 142, 38, 6, 2, 'XXL', 200000, '2020-12-06 11:27:55', '2020-12-06 11:27:55'),
(146, 143, 3, 10, 1, 'M', 39000, '2020-12-07 05:10:03', '2020-12-07 05:10:03'),
(147, 144, 12, 13, 1, 'Freesize', 122550, '2020-12-08 02:53:57', '2020-12-08 02:53:57'),
(148, 145, 12, 13, 1, 'Freesize', 122550, '2020-12-08 09:57:32', '2020-12-08 09:57:32'),
(149, 146, 38, 21, 1, 'S', 200000, '2020-12-09 01:20:53', '2020-12-09 01:20:53'),
(150, 146, 40, 13, 1, 'Freesize', 185000, '2020-12-09 01:20:53', '2020-12-09 01:20:53'),
(151, 146, 32, 10, 1, 'M', 379000, '2020-12-09 01:20:53', '2020-12-09 01:20:53'),
(152, 147, 32, 10, 1, 'M', 379000, '2020-12-09 01:22:13', '2020-12-09 01:22:13'),
(153, 148, 58, 10, 2, 'M', 429000, '2020-12-09 13:07:05', '2020-12-09 13:07:05');

-- --------------------------------------------------------

--
-- Cấu trúc bảng cho bảng `ct_size`
--

CREATE TABLE `ct_size` (
  `id` int(11) NOT NULL,
  `SoLuong` int(11) NOT NULL,
  `id_Size` int(11) NOT NULL,
  `id_SanPham` int(11) NOT NULL,
  `created_at` timestamp NOT NULL DEFAULT current_timestamp(),
  `update_at` timestamp NOT NULL DEFAULT current_timestamp() ON UPDATE current_timestamp()
) ENGINE=InnoDB DEFAULT CHARSET=utf8 COLLATE=utf8_unicode_ci;

--
-- Đang đổ dữ liệu cho bảng `ct_size`
--

INSERT INTO `ct_size` (`id`, `SoLuong`, `id_Size`, `id_SanPham`, `created_at`, `update_at`) VALUES
(9, 900, 10, 54, '2020-10-27 06:39:14', '2020-12-05 06:51:03'),
(14, 1233, 13, 60, '2020-10-27 07:11:41', '2020-12-05 06:12:34'),
(15, 3, 1, 62, '2020-10-27 07:14:56', '2020-11-02 05:44:34'),
(26, 1989, 20, 71, '2020-10-27 07:41:52', '2020-12-05 05:50:20'),
(27, 889, 13, 72, '2020-10-27 07:42:12', '2020-12-05 05:47:34'),
(29, 323, 21, 73, '2020-10-27 08:25:00', '2020-12-05 05:41:37'),
(49, 300, 12, 86, '2020-11-02 02:44:55', '2020-12-05 04:23:55'),
(51, 100, 10, 87, '2020-11-02 02:47:03', '2020-12-05 04:14:36'),
(52, 200, 4, 87, '2020-11-02 02:47:03', '2020-12-05 04:14:36'),
(53, 300, 5, 87, '2020-11-02 02:47:03', '2020-12-05 04:14:36'),
(55, 200, 10, 88, '2020-11-02 02:49:56', '2020-12-05 04:00:35'),
(61, 400, 10, 89, '2020-11-02 04:24:30', '2020-12-05 03:56:36'),
(63, 40, 22, 51, '2020-11-02 04:58:35', '2020-12-05 07:01:45'),
(69, 500, 10, 90, '2020-11-02 05:54:32', '2020-12-05 02:21:27'),
(70, 500, 4, 90, '2020-11-02 05:54:32', '2020-12-05 02:21:27'),
(81, 298, 10, 3, '2020-11-04 07:12:03', '2020-12-07 05:10:11'),
(87, 300, 10, 4, '2020-11-06 03:21:09', '2020-12-05 02:39:17'),
(88, 300, 10, 5, '2020-11-06 03:21:14', '2020-12-05 02:45:50'),
(89, 400, 10, 6, '2020-11-06 03:21:20', '2020-12-05 02:51:37'),
(90, 500, 10, 7, '2020-11-06 03:21:27', '2020-12-05 03:23:25'),
(91, 1000, 4, 8, '2020-11-06 03:21:34', '2020-12-05 03:25:19'),
(92, 356, 21, 31, '2020-11-06 03:22:01', '2020-12-05 05:27:43'),
(93, 1232, 23, 33, '2020-11-06 03:22:12', '2020-12-05 07:33:44'),
(94, 400, 10, 43, '2020-11-06 03:22:21', '2020-12-05 01:56:26'),
(96, 299, 4, 3, '2020-11-07 09:04:25', '2020-12-05 08:34:26'),
(97, 456, 21, 37, '2020-11-07 13:50:32', '2020-12-05 06:10:35'),
(98, 149, 10, 19, '2020-11-07 13:50:51', '2020-12-05 08:38:17'),
(99, 200, 10, 22, '2020-11-07 13:52:32', '2020-12-05 02:24:32'),
(100, 400, 10, 30, '2020-11-07 13:52:43', '2020-12-05 03:07:04'),
(101, 50, 10, 34, '2020-11-07 13:52:53', '2020-12-05 03:10:39'),
(104, 400, 4, 5, '2020-11-21 04:36:42', '2020-12-05 02:45:50'),
(106, 200, 10, 93, '2020-12-01 06:16:15', '2020-12-05 03:53:38'),
(107, 200, 4, 93, '2020-12-01 06:18:06', '2020-12-05 03:53:38'),
(108, 200, 10, 94, '2020-12-03 05:53:00', '2020-12-05 03:46:30'),
(109, 599, 4, 6, '2020-12-04 14:14:39', '2020-12-06 10:41:15'),
(110, 3413, 13, 12, '2020-12-04 14:17:33', '2020-12-09 12:57:22'),
(111, 399, 4, 43, '2020-12-05 01:56:26', '2020-12-05 08:09:58'),
(112, 400, 5, 43, '2020-12-05 01:56:26', '2020-12-05 01:56:26'),
(113, 400, 6, 43, '2020-12-05 01:57:45', '2020-12-05 01:57:45'),
(114, 500, 5, 90, '2020-12-05 02:03:43', '2020-12-05 02:21:27'),
(115, 300, 6, 90, '2020-12-05 02:03:43', '2020-12-05 02:21:27'),
(116, 150, 4, 19, '2020-12-05 02:12:42', '2020-12-05 02:21:43'),
(117, 150, 5, 19, '2020-12-05 02:12:42', '2020-12-05 02:21:43'),
(118, 100, 6, 19, '2020-12-05 02:12:42', '2020-12-05 02:21:43'),
(119, 499, 10, 95, '2020-12-05 02:19:13', '2020-12-05 08:14:37'),
(120, 500, 4, 95, '2020-12-05 02:19:13', '2020-12-05 02:20:58'),
(121, 500, 5, 95, '2020-12-05 02:19:13', '2020-12-05 02:20:58'),
(122, 500, 6, 95, '2020-12-05 02:19:13', '2020-12-05 02:20:58'),
(123, 400, 4, 22, '2020-12-05 02:24:32', '2020-12-05 02:24:32'),
(124, 499, 5, 22, '2020-12-05 02:24:32', '2020-12-05 08:38:17'),
(125, 1000, 10, 65, '2020-12-05 02:28:09', '2020-12-05 02:28:09'),
(126, 1000, 4, 65, '2020-12-05 02:28:09', '2020-12-05 02:28:09'),
(127, 100, 5, 65, '2020-12-05 02:28:09', '2020-12-05 02:28:09'),
(128, 400, 10, 66, '2020-12-05 02:31:55', '2020-12-05 02:31:55'),
(129, 600, 4, 66, '2020-12-05 02:31:55', '2020-12-05 02:31:55'),
(130, 500, 5, 66, '2020-12-05 02:31:55', '2020-12-05 02:31:55'),
(131, 500, 4, 4, '2020-12-05 02:39:17', '2020-12-05 02:39:17'),
(132, 500, 5, 4, '2020-12-05 02:39:17', '2020-12-05 02:39:17'),
(133, 500, 6, 4, '2020-12-05 02:39:17', '2020-12-05 03:20:37'),
(134, 400, 5, 5, '2020-12-05 02:45:50', '2020-12-05 02:45:50'),
(135, 400, 5, 6, '2020-12-05 02:51:37', '2020-12-05 02:51:37'),
(136, 500, 4, 30, '2020-12-05 03:07:04', '2020-12-05 03:07:04'),
(137, 600, 5, 30, '2020-12-05 03:07:04', '2020-12-05 03:07:04'),
(138, 700, 6, 30, '2020-12-05 03:07:04', '2020-12-05 03:07:04'),
(139, 100, 4, 34, '2020-12-05 03:10:39', '2020-12-05 03:10:39'),
(140, 100, 5, 34, '2020-12-05 03:10:39', '2020-12-05 03:10:39'),
(141, 200, 10, 15, '2020-12-05 03:19:46', '2020-12-05 03:19:46'),
(142, 500, 4, 15, '2020-12-05 03:19:46', '2020-12-05 03:19:46'),
(143, 500, 5, 15, '2020-12-05 03:19:46', '2020-12-05 03:20:23'),
(144, 1000, 4, 7, '2020-12-05 03:23:25', '2020-12-05 03:23:25'),
(145, 1000, 5, 7, '2020-12-05 03:23:25', '2020-12-05 03:23:25'),
(146, 1498, 5, 8, '2020-12-05 03:25:19', '2020-12-08 10:46:04'),
(147, 1500, 6, 8, '2020-12-05 03:25:19', '2020-12-05 03:25:19'),
(148, 1000, 4, 21, '2020-12-05 03:28:02', '2020-12-05 03:28:02'),
(149, 1000, 5, 21, '2020-12-05 03:28:02', '2020-12-05 03:28:02'),
(150, 1000, 5, 21, '2020-12-05 03:28:02', '2020-12-05 03:28:02'),
(151, 600, 10, 25, '2020-12-05 03:31:26', '2020-12-05 03:31:26'),
(152, 700, 4, 25, '2020-12-05 03:31:26', '2020-12-05 03:31:26'),
(153, 800, 5, 25, '2020-12-05 03:31:26', '2020-12-05 03:31:26'),
(154, 200, 10, 26, '2020-12-05 03:35:32', '2020-12-05 03:35:32'),
(155, 300, 4, 26, '2020-12-05 03:35:32', '2020-12-05 03:35:32'),
(156, 500, 5, 26, '2020-12-05 03:35:32', '2020-12-05 03:35:32'),
(157, 400, 4, 94, '2020-12-05 03:46:30', '2020-12-05 03:46:30'),
(158, 600, 5, 94, '2020-12-05 03:46:30', '2020-12-05 03:46:30'),
(159, 500, 5, 94, '2020-12-05 03:46:30', '2020-12-05 03:46:30'),
(160, 400, 5, 93, '2020-12-05 03:53:38', '2020-12-05 03:53:38'),
(161, 400, 5, 93, '2020-12-05 03:53:38', '2020-12-05 03:53:38'),
(162, 500, 4, 89, '2020-12-05 03:56:36', '2020-12-05 03:56:36'),
(163, 500, 5, 89, '2020-12-05 03:56:36', '2020-12-05 03:56:36'),
(164, 200, 4, 88, '2020-12-05 04:00:35', '2020-12-05 04:00:35'),
(165, 200, 5, 88, '2020-12-05 04:00:35', '2020-12-05 04:00:35'),
(166, 400, 10, 68, '2020-12-05 04:05:49', '2020-12-05 04:05:49'),
(167, 500, 4, 68, '2020-12-05 04:05:49', '2020-12-05 04:05:49'),
(168, 600, 5, 68, '2020-12-05 04:05:49', '2020-12-05 04:05:49'),
(169, 500, 10, 49, '2020-12-05 04:10:18', '2020-12-05 04:10:18'),
(170, 600, 4, 49, '2020-12-05 04:10:18', '2020-12-05 04:10:18'),
(171, 700, 5, 49, '2020-12-05 04:10:18', '2020-12-05 04:10:18'),
(172, 700, 6, 49, '2020-12-05 04:10:18', '2020-12-05 04:10:18'),
(173, 400, 3, 86, '2020-12-05 04:23:55', '2020-12-05 04:23:55'),
(174, 567, 11, 86, '2020-12-05 04:23:55', '2020-12-05 04:23:55'),
(175, 456, 14, 86, '2020-12-05 04:23:55', '2020-12-05 04:23:55'),
(176, 465, 15, 86, '2020-12-05 04:23:55', '2020-12-05 04:23:55'),
(177, 567, 19, 86, '2020-12-05 04:23:55', '2020-12-05 04:23:55'),
(178, 200, 10, 67, '2020-12-05 04:31:11', '2020-12-05 04:31:11'),
(179, 300, 4, 67, '2020-12-05 04:31:11', '2020-12-05 04:31:11'),
(180, 478, 5, 67, '2020-12-05 04:31:11', '2020-12-05 04:31:11'),
(181, 345, 10, 84, '2020-12-05 04:34:23', '2020-12-05 04:34:23'),
(182, 456, 4, 84, '2020-12-05 04:34:23', '2020-12-05 04:34:23'),
(183, 677, 5, 84, '2020-12-05 04:34:23', '2020-12-05 04:34:23'),
(184, 400, 11, 83, '2020-12-05 04:37:38', '2020-12-05 04:37:38'),
(185, 345, 3, 83, '2020-12-05 04:37:38', '2020-12-05 04:37:38'),
(186, 345, 11, 83, '2020-12-05 04:37:38', '2020-12-05 04:37:38'),
(187, 345, 14, 83, '2020-12-05 04:37:38', '2020-12-05 04:37:38'),
(188, 567, 15, 83, '2020-12-05 04:37:38', '2020-12-05 04:37:38'),
(189, 600, 4, 82, '2020-12-05 04:40:09', '2020-12-05 04:40:09'),
(190, 600, 4, 82, '2020-12-05 04:40:09', '2020-12-05 04:40:09'),
(191, 20, 13, 81, '2020-12-05 05:01:51', '2020-12-05 05:01:51'),
(192, 1647, 13, 80, '2020-12-05 05:05:43', '2020-12-05 05:05:43'),
(193, 1577, 13, 79, '2020-12-05 05:08:10', '2020-12-05 05:08:10'),
(194, 200, 21, 78, '2020-12-05 05:12:12', '2020-12-05 05:12:12'),
(195, 300, 10, 78, '2020-12-05 05:12:12', '2020-12-05 05:12:12'),
(196, 345, 4, 78, '2020-12-05 05:12:12', '2020-12-05 05:12:12'),
(197, 356, 5, 78, '2020-12-05 05:12:12', '2020-12-05 05:12:12'),
(198, 1346, 13, 20, '2020-12-05 05:21:12', '2020-12-05 05:21:12'),
(199, 234, 21, 77, '2020-12-05 05:24:36', '2020-12-05 05:24:36'),
(200, 456, 10, 77, '2020-12-05 05:24:36', '2020-12-05 05:24:36'),
(201, 446, 4, 77, '2020-12-05 05:24:36', '2020-12-05 05:24:36'),
(202, 456, 5, 77, '2020-12-05 05:24:36', '2020-12-05 05:24:36'),
(203, 234, 6, 77, '2020-12-05 05:24:36', '2020-12-05 05:24:36'),
(204, 445, 10, 31, '2020-12-05 05:27:43', '2020-12-05 05:27:43'),
(205, 445, 4, 31, '2020-12-05 05:27:43', '2020-12-05 05:27:43'),
(206, 445, 5, 31, '2020-12-05 05:27:43', '2020-12-05 05:27:43'),
(207, 456, 13, 76, '2020-12-05 05:30:06', '2020-12-05 05:30:06'),
(208, 323, 21, 75, '2020-12-05 05:33:29', '2020-12-05 05:33:29'),
(209, 245, 10, 75, '2020-12-05 05:33:29', '2020-12-05 05:33:29'),
(210, 455, 4, 75, '2020-12-05 05:33:29', '2020-12-05 05:33:29'),
(211, 345, 1, 75, '2020-12-05 05:33:29', '2020-12-05 05:33:29'),
(212, 433, 5, 75, '2020-12-05 05:33:29', '2020-12-05 05:33:29'),
(213, 234, 21, 74, '2020-12-05 05:38:28', '2020-12-05 05:38:28'),
(214, 566, 10, 74, '2020-12-05 05:38:28', '2020-12-05 05:38:28'),
(215, 453, 4, 74, '2020-12-05 05:38:28', '2020-12-05 05:38:28'),
(216, 234, 10, 73, '2020-12-05 05:41:37', '2020-12-05 05:41:37'),
(217, 345, 4, 73, '2020-12-05 05:41:37', '2020-12-05 05:41:37'),
(218, 345, 6, 73, '2020-12-05 05:41:37', '2020-12-05 05:41:37'),
(219, 234, 6, 73, '2020-12-05 05:41:37', '2020-12-05 05:41:37'),
(220, 1567, 13, 70, '2020-12-05 05:52:50', '2020-12-05 05:52:50'),
(221, 987, 20, 69, '2020-12-05 05:54:12', '2020-12-05 05:54:12'),
(222, 456, 21, 64, '2020-12-05 05:57:09', '2020-12-05 05:57:09'),
(223, 456, 10, 64, '2020-12-05 05:57:09', '2020-12-05 05:57:09'),
(224, 896, 4, 64, '2020-12-05 05:57:09', '2020-12-05 05:57:09'),
(225, 789, 1, 64, '2020-12-05 05:57:09', '2020-12-05 05:57:09'),
(226, 454, 21, 63, '2020-12-05 05:59:53', '2020-12-05 05:59:53'),
(227, 943, 10, 63, '2020-12-05 05:59:53', '2020-12-05 05:59:53'),
(228, 943, 4, 63, '2020-12-05 05:59:53', '2020-12-05 05:59:53'),
(229, 344, 1, 63, '2020-12-05 05:59:53', '2020-12-05 05:59:53'),
(230, 324, 21, 61, '2020-12-05 06:05:25', '2020-12-05 06:05:25'),
(231, 567, 10, 61, '2020-12-05 06:05:25', '2020-12-05 06:05:25'),
(232, 1234, 4, 61, '2020-12-05 06:05:25', '2020-12-05 06:05:25'),
(233, 734, 1, 61, '2020-12-05 06:05:25', '2020-12-05 06:05:25'),
(234, 245, 21, 29, '2020-12-05 06:07:51', '2020-12-05 06:07:51'),
(235, 673, 10, 29, '2020-12-05 06:07:51', '2020-12-05 06:07:51'),
(236, 1234, 4, 29, '2020-12-05 06:07:51', '2020-12-05 06:07:51'),
(237, 342, 1, 29, '2020-12-05 06:07:51', '2020-12-05 06:07:51'),
(238, 1445, 10, 37, '2020-12-05 06:10:35', '2020-12-05 06:10:35'),
(239, 1133, 10, 37, '2020-12-05 06:10:35', '2020-12-05 06:10:35'),
(240, 893, 5, 37, '2020-12-05 06:10:35', '2020-12-05 06:10:35'),
(241, 1234, 21, 59, '2020-12-05 06:15:49', '2020-12-05 06:15:49'),
(242, 834, 10, 59, '2020-12-05 06:15:49', '2020-12-05 06:15:49'),
(243, 975, 4, 59, '2020-12-05 06:15:49', '2020-12-05 06:15:49'),
(244, 834, 5, 59, '2020-12-05 06:15:49', '2020-12-05 06:15:49'),
(245, 236, 21, 58, '2020-12-05 06:20:03', '2020-12-05 06:20:03'),
(246, 454, 10, 58, '2020-12-05 06:20:03', '2020-12-05 06:20:03'),
(247, 476, 4, 58, '2020-12-05 06:20:03', '2020-12-05 06:20:03'),
(248, 234, 21, 32, '2020-12-05 06:33:42', '2020-12-05 06:33:42'),
(249, 445, 10, 32, '2020-12-05 06:33:42', '2020-12-09 01:23:22'),
(250, 341, 4, 32, '2020-12-05 06:33:42', '2020-12-06 11:20:42'),
(251, 1300, 10, 52, '2020-12-05 06:36:53', '2020-12-05 06:36:53'),
(252, 2299, 4, 52, '2020-12-05 06:36:53', '2020-12-06 10:40:02'),
(253, 934, 5, 52, '2020-12-05 06:36:53', '2020-12-05 06:36:53'),
(254, 456, 21, 56, '2020-12-05 06:41:42', '2020-12-05 06:41:42'),
(255, 1255, 10, 56, '2020-12-05 06:41:42', '2020-12-05 06:41:42'),
(256, 1124, 4, 56, '2020-12-05 06:41:42', '2020-12-05 06:41:42'),
(257, 400, 21, 48, '2020-12-05 06:44:30', '2020-12-05 06:44:30'),
(258, 654, 10, 48, '2020-12-05 06:44:30', '2020-12-05 06:44:30'),
(259, 700, 4, 48, '2020-12-05 06:44:30', '2020-12-05 06:44:30'),
(260, 345, 21, 55, '2020-12-05 06:47:32', '2020-12-05 06:47:32'),
(261, 456, 10, 55, '2020-12-05 06:47:32', '2020-12-05 06:47:32'),
(262, 453, 4, 55, '2020-12-05 06:47:32', '2020-12-05 06:47:32'),
(263, 1123, 4, 54, '2020-12-05 06:51:03', '2020-12-05 06:51:03'),
(264, 1233, 22, 53, '2020-12-05 06:56:15', '2020-12-05 08:48:29'),
(265, 1234, 22, 53, '2020-12-05 06:56:15', '2020-12-05 06:56:15'),
(266, 1233, 24, 53, '2020-12-05 06:56:15', '2020-12-05 06:56:15'),
(267, 1234, 25, 53, '2020-12-05 06:56:15', '2020-12-05 06:56:15'),
(268, 1234, 26, 53, '2020-12-05 06:56:15', '2020-12-05 06:56:15'),
(269, 353, 23, 51, '2020-12-05 07:01:44', '2020-12-05 07:01:44'),
(270, 232, 24, 51, '2020-12-05 07:01:44', '2020-12-05 07:01:44'),
(271, 233, 25, 51, '2020-12-05 07:01:45', '2020-12-05 07:01:45'),
(272, 242, 26, 51, '2020-12-05 07:01:45', '2020-12-05 07:01:45'),
(273, 223, 27, 51, '2020-12-05 07:01:45', '2020-12-05 07:01:45'),
(274, 678, 20, 50, '2020-12-05 07:06:37', '2020-12-05 07:06:37'),
(275, 556, 22, 50, '2020-12-05 07:06:37', '2020-12-05 07:06:37'),
(276, 423, 23, 50, '2020-12-05 07:06:37', '2020-12-05 07:06:37'),
(277, 431, 24, 50, '2020-12-05 07:06:37', '2020-12-05 08:50:27'),
(278, 445, 25, 50, '2020-12-05 07:06:37', '2020-12-05 07:06:37'),
(279, 332, 26, 50, '2020-12-05 07:06:37', '2020-12-05 07:06:37'),
(280, 345, 27, 50, '2020-12-05 07:06:37', '2020-12-05 07:06:37'),
(281, 234, 22, 47, '2020-12-05 07:11:24', '2020-12-05 07:11:24'),
(282, 234, 23, 47, '2020-12-05 07:11:24', '2020-12-05 07:11:24'),
(283, 342, 24, 47, '2020-12-05 07:11:24', '2020-12-05 07:11:24'),
(284, 234, 25, 47, '2020-12-05 07:11:24', '2020-12-05 07:11:24'),
(285, 233, 26, 47, '2020-12-05 07:11:24', '2020-12-05 07:11:24'),
(286, 345, 27, 47, '2020-12-05 07:11:24', '2020-12-05 07:11:24'),
(287, 234, 23, 46, '2020-12-05 07:14:25', '2020-12-05 07:14:25'),
(288, 234, 24, 46, '2020-12-05 07:14:25', '2020-12-05 07:14:25'),
(289, 345, 25, 46, '2020-12-05 07:14:25', '2020-12-05 07:14:25'),
(290, 223, 26, 46, '2020-12-05 07:14:25', '2020-12-05 07:14:25'),
(291, 235, 27, 46, '2020-12-05 07:14:25', '2020-12-05 07:14:25'),
(292, 1123, 26, 45, '2020-12-05 07:18:50', '2020-12-05 07:18:50'),
(293, 1223, 27, 45, '2020-12-05 07:18:50', '2020-12-05 07:18:50'),
(294, 1231, 28, 45, '2020-12-05 07:18:50', '2020-12-05 07:18:50'),
(295, 1231, 29, 45, '2020-12-05 07:18:50', '2020-12-06 11:28:50'),
(296, 1223, 30, 45, '2020-12-05 07:18:50', '2020-12-05 07:18:50'),
(297, 234, 25, 44, '2020-12-05 07:22:54', '2020-12-05 07:22:54'),
(298, 253, 26, 44, '2020-12-05 07:22:54', '2020-12-05 07:22:54'),
(299, 346, 27, 44, '2020-12-05 07:22:54', '2020-12-05 07:22:54'),
(300, 456, 28, 44, '2020-12-05 07:22:54', '2020-12-05 07:22:54'),
(301, 433, 29, 44, '2020-12-05 07:22:54', '2020-12-05 07:22:54'),
(302, 455, 30, 44, '2020-12-05 07:22:54', '2020-12-05 07:22:54'),
(303, 6, 25, 42, '2020-12-05 07:28:06', '2020-12-05 07:28:06'),
(304, 6, 26, 42, '2020-12-05 07:28:06', '2020-12-05 07:28:06'),
(305, 6, 27, 42, '2020-12-05 07:28:06', '2020-12-05 07:28:06'),
(306, 6, 28, 42, '2020-12-05 07:28:06', '2020-12-05 07:28:06'),
(307, 6, 29, 42, '2020-12-05 07:28:06', '2020-12-05 07:28:06'),
(308, 6, 30, 42, '2020-12-05 07:28:06', '2020-12-05 07:28:06'),
(309, 1232, 24, 33, '2020-12-05 07:33:44', '2020-12-05 07:33:44'),
(310, 1234, 25, 33, '2020-12-05 07:33:44', '2020-12-05 07:33:44'),
(311, 1112, 26, 33, '2020-12-05 07:33:44', '2020-12-05 07:33:44'),
(312, 1113, 27, 33, '2020-12-05 07:33:44', '2020-12-05 07:33:44'),
(313, 1224, 28, 33, '2020-12-05 07:33:44', '2020-12-05 07:33:44'),
(314, 1232, 29, 33, '2020-12-05 07:33:44', '2020-12-05 07:33:44'),
(315, 1234, 30, 33, '2020-12-05 07:33:44', '2020-12-05 07:33:44'),
(316, 1232, 27, 41, '2020-12-05 07:37:24', '2020-12-05 07:37:24'),
(317, 1223, 28, 41, '2020-12-05 07:37:24', '2020-12-05 07:37:24'),
(318, 1232, 29, 41, '2020-12-05 07:37:24', '2020-12-05 07:37:24'),
(319, 1223, 30, 41, '2020-12-05 07:37:24', '2020-12-05 07:37:24'),
(320, 1222, 32, 39, '2020-12-05 07:44:22', '2020-12-05 07:44:22'),
(321, 1223, 33, 39, '2020-12-05 07:44:22', '2020-12-05 07:44:22'),
(322, 1224, 34, 39, '2020-12-05 07:44:22', '2020-12-05 07:44:22'),
(323, 1224, 34, 39, '2020-12-05 07:44:22', '2020-12-05 07:44:22'),
(324, 234, 32, 28, '2020-12-05 07:49:51', '2020-12-05 07:49:51'),
(325, 353, 33, 28, '2020-12-05 07:49:51', '2020-12-05 07:49:51'),
(326, 334, 34, 28, '2020-12-05 07:49:51', '2020-12-05 07:49:51'),
(327, 322, 34, 28, '2020-12-05 07:49:51', '2020-12-05 07:49:51'),
(328, 104, 10, 10, '2020-12-05 12:39:51', '2020-12-05 12:39:51'),
(329, 123, 4, 10, '2020-12-05 12:39:51', '2020-12-05 12:39:51'),
(330, 123, 5, 10, '2020-12-05 12:39:51', '2020-12-05 12:39:51'),
(331, 267, 10, 9, '2020-12-05 12:43:24', '2020-12-05 12:43:24'),
(332, 434, 4, 9, '2020-12-05 12:43:24', '2020-12-05 12:43:24'),
(333, 832, 5, 9, '2020-12-05 12:43:24', '2020-12-05 12:43:24'),
(334, 932, 6, 9, '2020-12-05 12:43:24', '2020-12-05 12:43:24'),
(335, 543, 10, 96, '2020-12-05 12:46:37', '2020-12-05 12:46:37'),
(336, 1134, 4, 96, '2020-12-05 12:46:37', '2020-12-05 12:46:37'),
(337, 1123, 5, 96, '2020-12-05 12:46:37', '2020-12-05 12:46:37'),
(338, 1223, 6, 96, '2020-12-05 12:46:37', '2020-12-05 12:46:37'),
(339, 16, 13, 40, '2020-12-05 12:52:54', '2020-12-05 12:52:54'),
(340, 129, 21, 38, '2020-12-05 12:56:13', '2020-12-05 12:56:13'),
(341, 123, 10, 38, '2020-12-05 12:56:13', '2020-12-05 12:56:13'),
(342, 124, 4, 38, '2020-12-05 12:56:13', '2020-12-05 12:56:13'),
(343, 123, 5, 38, '2020-12-05 12:56:13', '2020-12-05 12:56:13'),
(344, 121, 6, 38, '2020-12-05 12:56:13', '2020-12-06 11:28:48'),
(345, 212, 10, 36, '2020-12-05 12:59:39', '2020-12-05 12:59:39'),
(346, 123, 4, 36, '2020-12-05 12:59:39', '2020-12-05 12:59:39'),
(347, 123, 5, 36, '2020-12-05 12:59:39', '2020-12-05 12:59:39'),
(348, 321, 6, 36, '2020-12-05 12:59:39', '2020-12-05 12:59:39'),
(349, 50, 10, 35, '2020-12-05 13:02:24', '2020-12-05 13:02:24'),
(350, 123, 4, 35, '2020-12-05 13:02:24', '2020-12-05 13:02:24'),
(351, 123, 5, 35, '2020-12-05 13:02:24', '2020-12-05 13:02:24'),
(352, 123, 10, 27, '2020-12-05 13:08:38', '2020-12-05 13:08:38'),
(353, 123, 4, 27, '2020-12-05 13:08:38', '2020-12-05 13:08:38'),
(354, 1234, 5, 27, '2020-12-05 13:08:38', '2020-12-05 13:08:38'),
(355, 1223, 6, 27, '2020-12-05 13:08:38', '2020-12-05 13:08:38'),
(356, 232, 12, 97, '2020-12-05 13:12:18', '2020-12-05 13:12:18'),
(357, 231, 3, 97, '2020-12-05 13:12:18', '2020-12-05 13:12:18'),
(358, 223, 11, 97, '2020-12-05 13:12:18', '2020-12-05 13:12:18'),
(359, 232, 14, 97, '2020-12-05 13:12:18', '2020-12-05 13:12:18'),
(360, 123, 15, 97, '2020-12-05 13:12:18', '2020-12-05 13:12:18'),
(361, 223, 19, 97, '2020-12-05 13:12:18', '2020-12-05 13:12:18'),
(362, 132, 20, 97, '2020-12-05 13:12:18', '2020-12-05 13:12:18'),
(363, 123, 10, 98, '2020-12-05 13:15:26', '2020-12-05 13:15:26'),
(364, 234, 4, 98, '2020-12-05 13:15:26', '2020-12-05 13:15:26'),
(365, 243, 5, 98, '2020-12-05 13:15:26', '2020-12-05 13:15:26'),
(366, 223, 6, 98, '2020-12-05 13:15:26', '2020-12-05 13:15:26'),
(367, 156, 10, 99, '2020-12-05 13:18:27', '2020-12-05 13:18:27'),
(368, 234, 4, 99, '2020-12-05 13:18:27', '2020-12-05 13:18:27'),
(369, 232, 5, 99, '2020-12-05 13:18:27', '2020-12-05 13:18:27'),
(370, 233, 6, 99, '2020-12-05 13:18:27', '2020-12-05 13:18:27'),
(371, 23, 25, 100, '2020-12-05 13:23:53', '2020-12-05 13:23:53'),
(372, 24, 26, 100, '2020-12-05 13:23:53', '2020-12-05 13:23:53'),
(373, 23, 27, 100, '2020-12-05 13:23:53', '2020-12-05 13:23:53'),
(374, 23, 28, 100, '2020-12-05 13:23:53', '2020-12-05 13:23:53'),
(375, 23, 29, 100, '2020-12-05 13:23:53', '2020-12-05 13:23:53'),
(376, 23, 30, 100, '2020-12-05 13:23:53', '2020-12-05 13:23:53');

-- --------------------------------------------------------

--
-- Cấu trúc bảng cho bảng `danhgia`
--

CREATE TABLE `danhgia` (
  `id` int(11) NOT NULL,
  `id_User` int(11) NOT NULL,
  `id_SanPham` int(11) NOT NULL,
  `Sao` tinyint(4) NOT NULL
) ENGINE=InnoDB DEFAULT CHARSET=utf8 COLLATE=utf8_unicode_ci;

--
-- Đang đổ dữ liệu cho bảng `danhgia`
--

INSERT INTO `danhgia` (`id`, `id_User`, `id_SanPham`, `Sao`) VALUES
(53, 35, 3, 5),
(54, 35, 12, 5),
(55, 45, 12, 2),
(56, 46, 32, 5);

-- --------------------------------------------------------

--
-- Cấu trúc bảng cho bảng `danh_muc`
--

CREATE TABLE `danh_muc` (
  `id` int(11) NOT NULL,
  `SoTT` tinyint(4) NOT NULL,
  `TenDM` varchar(50) COLLATE utf8_unicode_ci NOT NULL,
  `HienThi` tinyint(4) DEFAULT 0,
  `id_DanhMC` int(11) NOT NULL,
  `Created_at` timestamp NOT NULL DEFAULT current_timestamp(),
  `Update_at` timestamp NOT NULL DEFAULT current_timestamp() ON UPDATE current_timestamp()
) ENGINE=InnoDB DEFAULT CHARSET=utf8 COLLATE=utf8_unicode_ci;

--
-- Đang đổ dữ liệu cho bảng `danh_muc`
--

INSERT INTO `danh_muc` (`id`, `SoTT`, `TenDM`, `HienThi`, `id_DanhMC`, `Created_at`, `Update_at`) VALUES
(1, 1, 'Áo Thun', 0, 1, '2020-09-03 09:05:12', '2020-12-05 12:48:10'),
(2, 2, 'Áo Sơ Mi', 1, 1, '2020-09-03 09:05:12', '2020-12-09 12:07:38'),
(3, 3, 'Áo Khoác & Áo Vest', 0, 1, '2020-09-03 09:05:12', '2020-12-09 12:07:59'),
(4, 4, 'Đồ Bộ / Đồ Mặc Nhà', 0, 1, '2020-09-03 09:05:12', '2020-12-05 08:12:23'),
(5, 5, 'Quần', 0, 1, '2020-09-03 09:05:12', '2020-12-04 09:54:25'),
(7, 7, 'Đầm', 0, 2, '2020-09-03 09:05:12', '2020-12-05 08:12:28'),
(8, 8, 'Chân Váy', 0, 2, '2020-09-03 09:05:12', '2020-12-04 09:56:59'),
(10, 6, 'Áo', 0, 2, '2020-10-20 01:57:03', '2020-12-04 09:56:30'),
(11, 10, 'Set Trang Phục & Jumpsuit', 1, 2, '2020-10-21 04:56:44', '2020-12-05 12:48:48'),
(12, 12, 'Trang Phục Thể Thao', 0, 2, '2020-10-21 05:18:37', '2020-12-04 12:11:51'),
(15, 9, 'Quần', 0, 2, '2020-12-04 10:15:39', '2020-12-04 10:15:39'),
(16, 11, 'Đồ Lót, Đồ Ngủ & Đồ Mặt Nhà', 0, 2, '2020-12-04 12:04:07', '2020-12-04 12:11:17'),
(17, 14, 'Giày Cao Gót', 0, 3, '2020-12-04 12:12:56', '2020-12-04 12:12:56'),
(18, 15, 'Giày Đế Bằng', 0, 3, '2020-12-04 12:13:17', '2020-12-04 12:13:17'),
(19, 16, 'Sandal', 0, 3, '2020-12-04 12:13:48', '2020-12-04 12:13:48'),
(20, 17, 'Bốt', 0, 3, '2020-12-04 12:14:11', '2020-12-04 14:13:44'),
(21, 18, 'Giày sneaker & Giày Thể Thao', 0, 3, '2020-12-04 12:14:40', '2020-12-04 12:14:51'),
(22, 19, 'Giày Thể Thao / Sneakers', 0, 5, '2020-12-05 01:39:24', '2020-12-05 01:39:24'),
(23, 20, 'Giày Lười', 0, 5, '2020-12-05 01:39:46', '2020-12-05 01:40:41'),
(24, 21, 'Giày Tây', 0, 5, '2020-12-05 01:40:00', '2020-12-05 01:40:00'),
(25, 22, 'Xăng-đan', 0, 5, '2020-12-05 01:41:45', '2020-12-05 01:41:45'),
(26, 23, 'Dép', 0, 5, '2020-12-05 01:41:56', '2020-12-05 01:41:56'),
(27, 24, 'Bé Trai | 5 - 14 Tuổi', 0, 12, '2020-12-05 01:43:16', '2020-12-05 01:43:16'),
(28, 25, 'Bé Gái | 5 - 14 Tuổi', 0, 12, '2020-12-05 01:43:49', '2020-12-05 01:43:49');

-- --------------------------------------------------------

--
-- Cấu trúc bảng cho bảng `danh_muc_cha`
--

CREATE TABLE `danh_muc_cha` (
  `id` int(11) NOT NULL,
  `SoTT` tinyint(4) NOT NULL,
  `TenDMC` varchar(50) COLLATE utf8_unicode_ci NOT NULL,
  `Created_at` timestamp NOT NULL DEFAULT current_timestamp()
) ENGINE=InnoDB DEFAULT CHARSET=utf8 COLLATE=utf8_unicode_ci;

--
-- Đang đổ dữ liệu cho bảng `danh_muc_cha`
--

INSERT INTO `danh_muc_cha` (`id`, `SoTT`, `TenDMC`, `Created_at`) VALUES
(1, 1, 'Thời Trang Nam', '2020-10-19 01:26:50'),
(2, 2, 'Thời Trang Nữ', '2020-10-19 01:26:50'),
(3, 3, 'Giày Dép Nữ', '2020-10-19 01:26:53'),
(5, 4, 'Giày Dép Nam', '2020-10-19 08:01:31'),
(12, 5, 'Thời Trang Trẻ Em', '2020-12-04 09:46:16'),
(16, 6, 'Khác', '2020-12-09 10:25:22');

-- --------------------------------------------------------

--
-- Cấu trúc bảng cho bảng `don_hang`
--

CREATE TABLE `don_hang` (
  `id` int(11) NOT NULL,
  `MaDH` varchar(15) COLLATE utf8_unicode_ci NOT NULL,
  `HoTenNN` varchar(50) COLLATE utf8_unicode_ci NOT NULL,
  `DienThoaiNN` varchar(12) COLLATE utf8_unicode_ci NOT NULL,
  `DiaChiNN` varchar(100) COLLATE utf8_unicode_ci NOT NULL,
  `TongDH` int(11) NOT NULL,
  `id_Users` int(11) NOT NULL,
  `TrangThai` tinyint(4) DEFAULT 0,
  `GhiChu` varchar(300) COLLATE utf8_unicode_ci DEFAULT NULL,
  `HuyDon` tinyint(4) NOT NULL DEFAULT 0,
  `TrangThaiTT` tinyint(4) NOT NULL DEFAULT 0,
  `Created_at` timestamp NOT NULL DEFAULT current_timestamp(),
  `Update_at` timestamp NOT NULL DEFAULT current_timestamp() ON UPDATE current_timestamp()
) ENGINE=InnoDB DEFAULT CHARSET=utf8 COLLATE=utf8_unicode_ci;

--
-- Đang đổ dữ liệu cho bảng `don_hang`
--

INSERT INTO `don_hang` (`id`, `MaDH`, `HoTenNN`, `DienThoaiNN`, `DiaChiNN`, `TongDH`, `id_Users`, `TrangThai`, `GhiChu`, `HuyDon`, `TrangThaiTT`, `Created_at`, `Update_at`) VALUES
(125, '20201205150925', 'Trần Minh Tân', '0942732234', 'Rạch Giá, tỉnh Kiên Giang', 198000, 44, 3, 'Giao nhanh nhanh giúp ạ', 0, 0, '2020-12-05 08:09:44', '2020-12-05 08:10:01'),
(126, '20201205151255', 'Trần Hoàng Kha', '0364784406', 'Rạch giá', 136169, 35, 3, 'giao nhanh giúp ạ', 0, 2, '2020-12-05 08:13:10', '2020-12-05 08:14:43'),
(127, '20201205152458', 'Trần Hoàng Kha', '0364784406', 'Rạch giá', 623700, 35, 0, '', 1, 1, '2020-12-05 08:25:01', '2020-12-09 13:01:25'),
(128, '20201205152524', 'Trần Hoàng Kha', '0364784406', 'Rạch giá', 174460, 35, 1, '', 0, 0, '2020-12-05 08:25:27', '2020-12-06 11:28:50'),
(129, '20201205152701', 'Trần Minh Tân', '0942732234', 'Rạch Giá, tỉnh Kiên Giang', 42900, 44, 3, '', 0, 0, '2020-12-05 08:27:05', '2020-12-05 08:34:29'),
(130, '20191205153322', 'Trần Minh Tân', '0942732234', 'Rạch Giá, tỉnh Kiên Giang', 115500, 44, 3, 'test', 0, 0, '2019-12-05 08:33:29', '2020-12-05 08:38:25'),
(131, '20201205154435', 'Nguyễn Bích', '0987236236', '30 tháng 4 Khu vực 2 P.Thuận An TX., TT. Long Mỹ, Long Mỹ, Hậu Giang, Việt Nam', 277200, 45, 3, 'test', 0, 2, '2019-12-05 08:44:41', '2020-12-05 08:48:33'),
(132, '20201205154903', 'Nguyễn Bích', '0987236236', '30 tháng 4 Khu vực 2 P.Thuận An TX., TT. Long Mỹ, Long Mỹ, Hậu Giang, Việt Nam', 129800, 45, 0, '', 0, 1, '2020-12-05 08:49:05', '2020-12-09 11:22:01'),
(133, '20201205154922', 'Nguyễn Bích', '0987236236', '30 tháng 4 Khu vực 2 P.Thuận An TX., TT. Long Mỹ, Long Mỹ, Hậu Giang, Việt Nam', 134805, 45, 1, '', 0, 0, '2020-12-05 08:49:25', '2020-12-05 08:50:24'),
(134, '20201205155006', 'Nguyễn Bích', '0987236236', '30 tháng 4 Khu vực 2 P.Thuận An TX., TT. Long Mỹ, Long Mỹ, Hậu Giang, Việt Nam', 495000, 45, 2, 'test', 0, 0, '2020-12-05 08:50:12', '2020-12-05 08:50:29'),
(135, '20201205204124', 'Nguyễn Bích', '0987236236', '30 tháng 4 Khu vực 2 P.Thuận An TX., TT. Long Mỹ, Long Mỹ, Hậu Giang, Việt Nam', 85800, 45, 3, '', 0, 2, '2020-12-05 13:42:48', '2020-12-06 10:42:30'),
(137, '20201206173346', 'Nguyễn Bích', '0987236236', '30 tháng 4 Khu vực 2 P.Thuận An TX., TT. Long Mỹ, Long Mỹ, Hậu Giang, Việt Nam', 342265, 45, 3, 'test 2 sp', 0, 0, '2020-12-06 10:33:52', '2020-12-06 10:47:20'),
(138, '20201206174826', 'Nguyễn Bích', '0987236236', '30 tháng 4 Khu vực 2 P.Thuận An TX., TT. Long Mỹ, Long Mỹ, Hậu Giang, Việt Nam', 636900, 45, 3, 'test', 0, 1, '2020-12-06 10:48:31', '2020-12-06 10:49:56'),
(141, '20201206181207', 'Nguyễn Bích', '0987236236', '30 tháng 4 Khu vực 2 P.Thuận An TX., TT. Long Mỹ, Long Mỹ, Hậu Giang, Việt Nam', 1238215, 45, 3, '', 0, 2, '2020-12-06 11:12:09', '2020-12-09 11:06:12'),
(142, '20201206182751', 'Nguyễn Bích', '0987236236', '30 tháng 4 Khu vực 2 P.Thuận An TX., TT. Long Mỹ, Long Mỹ, Hậu Giang, Việt Nam', 440000, 45, 3, '', 0, 0, '2020-12-06 11:27:55', '2020-12-06 11:29:06'),
(143, '20201207120958', 'Nguyễn Bích', '0987236236', '30 tháng 4 Khu vực 2 P.Thuận An TX., TT. Long Mỹ, Long Mỹ, Hậu Giang, Việt Nam', 42900, 45, 3, 'test', 0, 0, '2020-12-07 05:10:03', '2020-12-09 11:21:57'),
(144, '20201208095350', 'Trần Hoàng Kha', '0364784406', 'Rạch giá', 134805, 35, 3, '', 0, 2, '2020-12-08 02:53:57', '2020-12-09 11:06:03'),
(145, '20201208165727', 'Trần Hoàng Kha', '0364784406', 'Rạch giá', 134805, 35, 3, '', 0, 2, '2020-12-08 09:57:32', '2020-12-09 12:58:14'),
(146, '20201209082042', 'kha', '0364784123', 'ca mau', 840400, 46, 0, '', 0, 1, '2020-12-09 01:20:53', '2020-12-09 11:24:31'),
(147, '20201209082207', 'kha', '0364784123', 'ca mau', 416900, 46, 3, '', 0, 0, '2020-12-09 01:22:13', '2020-12-09 11:23:50'),
(148, '20201209200658', 'Trần Hoàng Kha', '0364784406', 'Rạch giá', 943800, 35, 0, 'test', 0, 2, '2020-12-09 13:07:05', '2020-12-09 13:07:27');

-- --------------------------------------------------------

--
-- Cấu trúc bảng cho bảng `lienhe`
--

CREATE TABLE `lienhe` (
  `id` int(11) NOT NULL,
  `DienThoai` varchar(12) COLLATE utf8_unicode_ci NOT NULL,
  `Email` varchar(100) COLLATE utf8_unicode_ci NOT NULL,
  `LinkFace` varchar(50) COLLATE utf8_unicode_ci NOT NULL,
  `DiaChi` varchar(100) COLLATE utf8_unicode_ci NOT NULL,
  `KinhDo` varchar(15) COLLATE utf8_unicode_ci NOT NULL,
  `ViDo` varchar(15) COLLATE utf8_unicode_ci NOT NULL
) ENGINE=InnoDB DEFAULT CHARSET=utf8 COLLATE=utf8_unicode_ci;

--
-- Đang đổ dữ liệu cho bảng `lienhe`
--

INSERT INTO `lienhe` (`id`, `DienThoai`, `Email`, `LinkFace`, `DiaChi`, `KinhDo`, `ViDo`) VALUES
(1, '0364784406', 'tranhoangkha366@gmail.com', 'https://www.facebook.com/kha.tranhoang.714/', '320A, QL61 Vĩnh Hoà Hiệp Châu Thành tỉnh Kiên Giang, Việt Nam', '9.913499', '105.144167');

-- --------------------------------------------------------

--
-- Cấu trúc bảng cho bảng `san_pham`
--

CREATE TABLE `san_pham` (
  `id` int(11) NOT NULL,
  `TenSP` varchar(50) COLLATE utf8_unicode_ci NOT NULL,
  `GiaSP` int(11) NOT NULL,
  `GiamGia` tinyint(4) DEFAULT 0,
  `AnhSP` varchar(20) COLLATE utf8_unicode_ci NOT NULL,
  `id_DanhMuc` int(11) NOT NULL,
  `id_ThuongHieu` int(11) NOT NULL,
  `MoTa` text COLLATE utf8_unicode_ci DEFAULT NULL,
  `LanBan` int(11) DEFAULT 0,
  `Created_by` int(11) NOT NULL,
  `Update_by` int(11) NOT NULL,
  `Created_at` timestamp NOT NULL DEFAULT current_timestamp(),
  `Update_at` timestamp NOT NULL DEFAULT current_timestamp() ON UPDATE current_timestamp()
) ENGINE=InnoDB DEFAULT CHARSET=utf8 COLLATE=utf8_unicode_ci;

--
-- Đang đổ dữ liệu cho bảng `san_pham`
--

INSERT INTO `san_pham` (`id`, `TenSP`, `GiaSP`, `GiamGia`, `AnhSP`, `id_DanhMuc`, `id_ThuongHieu`, `MoTa`, `LanBan`, `Created_by`, `Update_by`, `Created_at`, `Update_at`) VALUES
(3, 'Áo thun unisex form rộng Nhật Bản ', 39000, 0, '20201205_90770.jpg', 1, 4, '<p>Bảng k&iacute;ch thước</p>\r\n\r\n<ol>\r\n	<li>Size XS : &lt; 25 kg chi&ecirc;̀u cao phù hợp từ 1m1 đ&ecirc;́n 1m3</li>\r\n	<li>&nbsp;Size S : &lt; 45 kg chi&ecirc;̀u cao phù hợp từ 1m5 đ&ecirc;́n 1m6</li>\r\n	<li>&nbsp;Size M : &lt; 55 kg chi&ecirc;̀u cao phù hợp từ 1m5 đ&ecirc;́n 1m65</li>\r\n	<li>&nbsp;Size L : &lt; 60 kg chi&ecirc;̀u cao phù hợp từ 1m5 đ&ecirc;́n 1m7</li>\r\n	<li>&nbsp;Size XL : &lt; 65 kg &lt; 75kg chi&ecirc;̀u cao phù hợp từ 1m7 đ&ecirc;́n 1m75</li>\r\n	<li>&nbsp;Size XXL: &gt; 75 kg &lt; 80kg chi&ecirc;̀u cao phù hợp từ 1m75 đ&ecirc;́n 1m80</li>\r\n</ol>\r\n', 3, 6, 6, '2020-06-27 11:28:55', '2020-12-07 05:10:15'),
(4, 'Áo thun cổ tròn mặc thu đông', 150000, 47, '20201205_32736.jpg', 1, 4, '<p>&Aacute;o thun nam d&agrave;i tay, &aacute;o thun cổ tr&ograve;n nam mặc thu đ&ocirc;ng, giữ nhiệt, chất cotton co gi&atilde;n, d&aacute;ng &ocirc;m</p>\r\n\r\n<p>HO&Agrave;N TIỀN 100% NẾU KH&Ocirc;NG NHƯ H&Igrave;NH CAM KẾT CHẤT LƯỢNG KIỂM TRA ƯNG H&Agrave;NG MỚI THANH TO&Aacute;N</p>\r\n\r\n<p>M&ocirc; tả sản phẩm: &Aacute;o thun nam tay d&agrave;i h&agrave;ng việt nam xuất khẩu</p>\r\n\r\n<p>Chất liệu thun mềm mại co gi&atilde;n tốt , tho&aacute;ng m&aacute;t</p>\r\n\r\n<p>&bull; Thiết kế thời trang ph&ugrave; hợp xu hướng hiện nay</p>\r\n\r\n<p>&bull; Kiểu d&aacute;ng đa phong c&aacute;ch</p>\r\n\r\n<p>&bull; Đường may tinh tế sắc sảo</p>\r\n\r\n<p>&bull; &Aacute;o thun nam tay d&agrave;i được thi&ecirc;́t k&ecirc;́ v&ecirc;̉ đẹp trẻ trung năng đ&ocirc;̣ng nhưng kh&ocirc;ng kém ph&acirc;̀n mạnh mẽ.</p>\r\n\r\n<p>&bull; Áo được thi&ecirc;́t k&ecirc;́ đẹp, chu&acirc;̉n form, đường may sắc xảo, vải dày, mịn, th&acirc;́m hút m&ocirc;̀ h&ocirc;i tạo sự thoải mái khi mặc!</p>\r\n\r\n<p>&bull; M&agrave;u sắc trẻ trung, dễ d&agrave;ng phối c&ugrave;ng nhiều kiểu jeans bụi phủi, kaki lịch l&atilde;m.</p>\r\n\r\n<p>&bull; H&agrave;ng c&oacute; sẵn đủ size: S, M, L, XL, 2L, 3XL</p>\r\n', 0, 6, 6, '2020-06-28 03:19:51', '2020-12-05 08:51:59'),
(5, 'Áo Sơ Mi Nam Dài Tay ', 120000, 43, '20201205_10105.jpg', 2, 4, '<p>&Aacute;O sơ mi nam (sơ mi nam) được thiết kế với form d&aacute;ng trẻ trung với form &aacute;o &ocirc;m, rất chuẩn như h&igrave;nh.&nbsp;</p>\r\n\r\n<ol>\r\n	<li>Ch&uacute;ng t&ocirc;i hiện nay cung cấp &aacute;o sơ mi nam với gi&aacute; b&aacute;n lẻ tốt nhất tr&ecirc;n thị trường.</li>\r\n	<li>&Aacute;o so mi Gi&aacute; cạnh tranh nhất do ch&iacute;nh nh&agrave; m&aacute;y sản xuất với số lượng lớn.</li>\r\n	<li>&Aacute;o sơ mi nam Ch&uacute;ng t&ocirc;i kh&ocirc;ng n&oacute;i sản phẩm của m&igrave;nh c&oacute; chất lượng cao nhưng phải khẳng định chất lượng sản phẩm vượt trội so với gi&aacute; tiền.</li>\r\n	<li>&Aacute;o sơ mi cao cấp uy t&iacute;n b&aacute;n h&agrave;ng được đặt l&ecirc;n h&agrave;ng đầu, kh&ocirc;ng kinh doanh chộp giật.</li>\r\n	<li>&Aacute;o sơ mi nam trơn được sản xuất với số lượng lớn để c&oacute; gi&aacute; cạnh tranh n&ecirc;n kh&ocirc;ng thể tr&aacute;nh được sai s&oacute;t. Nếu qu&yacute; kh&aacute;ch h&agrave;ng kh&ocirc;ng h&agrave;i l&ograve;ng ch&uacute;ng t&ocirc;i sẵn s&agrave;ng hỗ trợ đổi trả.</li>\r\n	<li>Rất mong nhận được &yacute; kiến đ&oacute;ng g&oacute;p của Qu&yacute; kh&aacute;ch h&agrave;ng để ch&uacute;ng t&ocirc;i cải thiện chất lượng dịch vụ tốt hơn.</li>\r\n</ol>\r\n', 0, 6, 6, '2020-06-28 09:36:43', '2020-12-05 08:52:08'),
(6, 'Áo sơ mi nam dài tay Hàn Quốc', 150000, 48, '20201205_28911.jpg', 2, 4, '<p>1. GIỚI THIỆU SẢN PHẨM</p>\r\n\r\n<p>&Aacute;o sơ mi nam d&agrave;i tay d&aacute;ng &ocirc;m body , chống nhăn cao cấp ch&iacute;nh l&agrave; gợi &yacute; tuyệt vời cho nam giới mỗi khi lựa chọn trang phục mỗi ng&agrave;y.</p>\r\n\r\n<p>Với những mẫu &aacute;o sơ mi nam thiết kế đơn giản v&agrave; to&aacute;t l&ecirc;n vẻ lịch l&atilde;m tinh tế, mang đến phong c&aacute;ch thời trang trẻ trung, năng động chắc chắn sẽ l&agrave; lựa chọn ho&agrave;n hảo cho ch&agrave;ng trai hiện đại, nam t&iacute;nh. Những chiếc &aacute;o sơ mi d&agrave;i tay d&aacute;ng &ocirc;m body H&agrave;n Quốc , chống nhăn cao cấp d&ugrave; kết hợp với quần &acirc;u, quần jeans khi đi l&agrave;m hay diện c&ugrave;ng quần ngố, quần short đi chơi đều NỔI BẬT, THOẢI M&Aacute;I v&agrave; PHONG C&Aacute;CH. Với form d&aacute;ng vừa vặn c&aacute;c ch&agrave;ng c&oacute; thể tự tin khoe body cực chuẩn của m&igrave;nh. H&atilde;y bổ sung ngay v&agrave;o tủ đồ item n&agrave;y để diện thật chất nh&eacute;!</p>\r\n\r\n<p>2. TH&Ocirc;NG TIN CHI TIẾT:</p>\r\n\r\n<p>- Chất liệu: 100% chất cotton lụa, thấm h&uacute;t mồ h&ocirc;i</p>\r\n\r\n<p>- Chất vải sờ mịn kh&ocirc;ng bai, kh&ocirc;ng nhăn, kh&ocirc;ng x&ugrave;</p>\r\n\r\n<p>- Quy c&aacute;ch, ti&ecirc;u chuẩn đường may tinh tế, tỉ mỉ trong từng chi tiết</p>\r\n\r\n<p>- Kiểu d&aacute;ng: Thiết kế đơn giản, dễ mặc, dễ phối đồ</p>\r\n\r\n<p>- Form body H&agrave;n Quốc mang lại phong c&aacute;ch trẻ trung, lịch l&atilde;m</p>\r\n\r\n<p>- Chất lượng sản phẩm tốt, gi&aacute; cả hợp l&yacute;</p>\r\n', 1, 6, 6, '2020-06-28 09:37:01', '2020-12-09 07:47:26'),
(7, 'ÁO KHOÁC KAKI JEAN', 118000, 0, '20201205_96386.jpg', 3, 4, '<p>Mang đến cho bạn những mẫu &aacute;o kho&aacute;c v&agrave; c&aacute;c sản phẩm thời trang độc đ&aacute;o.</p>\r\n\r\n<p>- Hổ trợ 1 đổi 1 nếu sản phẩm lỗi, k&eacute;m chất lượng.</p>\r\n\r\n<p>- Đa dạng sản phẩm</p>\r\n\r\n<p>- Đa dạng chất liệu: &aacute;o kho&aacute;c kaki, &aacute;o kho&aacute;c d&ugrave;, &aacute;o kho&aacute;c nỉ, &aacute;o kho&aacute;c jeans,..</p>\r\n\r\n<p>- Gửi đ&aacute;nh gi&aacute; nhận ngay giảm gi&aacute;/qu&agrave; tặng cho lần mua tiếp theo.</p>\r\n', 1, 6, 6, '2020-06-28 09:37:16', '2020-12-09 07:47:18'),
(8, 'Áo khoác kaki mantle', 350000, 19, '20201205_79605.jpg', 3, 4, '<p>_Chất Kaki d&agrave;y dặn, c&oacute; l&oacute;t lớp d&ugrave; chống thấm b&ecirc;n trong</p>\r\n\r\n<p>_ Chuẩn form mặc l&ecirc;n siu đẹp ^^</p>\r\n\r\n<p>_D&aacute;ng d&agrave;i, mặc giữ ấm kh&aacute; tốt lại c&ograve;n rất thời trang theo phong c&aacute;ch h&agrave;n quốc cool ngầu ^^</p>\r\n\r\n<p>_Full size L XL XXL cho nam nữ ( 40-98kg )</p>\r\n', 1, 6, 6, '2020-06-28 09:37:46', '2020-12-09 07:47:11'),
(9, 'ÁO SƠ MI CỔ TÀU', 200000, 41, '20201205_4682.jpg', 2, 4, '<p>Th&ocirc;ng tin chi tiết sản phẩm:</p>\r\n\r\n<p>--Chất vải sờ mịn kh&ocirc;ng bai, kh&ocirc;ng nhăn, kh&ocirc;ng x&ugrave;.</p>\r\n\r\n<p>--Mếch cổ v&agrave; tay l&agrave;m bằng chất liệu cao cấp, kh&ocirc;ng sợ bong tr&oacute;c.</p>\r\n\r\n<p>--Fom Body cực chuẩn, &ocirc;m trọn bờ vai mặc cực trẻ trung v&agrave; phong c&aacute;ch, ph&ugrave; hợp mọi ho&agrave;n cảnh kể cả đi chơi v&agrave; đi l&agrave;m.</p>\r\n\r\n<p>--Sản phẩm c&oacute; c&aacute;c size như sau:</p>\r\n\r\n<p>SIE ZM: C&acirc;n nặng 48-52kg, Cao 1m50 - 1m62, &quot; &Aacute;o D&agrave;i giữa cổ sau đến lai bầu 68cm, Vai 38cm, V&ograve;ng ngực 88cm, Chiết eo 76cm, D&agrave;i tay 54cm&quot;</p>\r\n\r\n<p>SIZE L: Can nặng 53- 59kg, Cao 1m60 - 1m68, &quot; &Aacute;o D&agrave;i giữa cổ sau đến lai bầu 70cm, Vai 40cm, V&ograve;ng Ngực 92cm, Chiết eo 80cm, D&agrave;i tay 56cm&quot;</p>\r\n\r\n<p>SIZE XL: c&acirc;n nặng 60 - 68kg, Cao 1m65 - 1m72, &quot; &Aacute;o D&agrave;i giữa cổ sau xuống lai bầu 72cm, Vai 42cm, V&ograve;ng ngực 96cm, Chiết eo 84cm, D&agrave;i tay 58cm&quot;</p>\r\n\r\n<p>SIZE XXL: C&acirc;n nặng 65 -74kg Cao 1m7. - 1m80, &Aacute;o D&agrave;i giữa cổ sau xuống lai bầu 74cm, Vai 46cm, V&ograve;ng Ngực 100cm, Chiết eo 90cm, D&agrave;i tay 60cm&quot;</p>\r\n', 0, 6, 15, '2020-07-02 12:50:41', '2020-12-05 12:43:24'),
(10, 'Áo sơ mi Đen Cổ Vest', 2100000, 45, '20201205_52076.jpg', 2, 8, '<p>&Aacute;O SƠ MI ĐEN NGẮN TAY CỔ VEST UNISEX - THỜI TRANG 2020</p>\r\n\r\n<p>- Chất liệu: Lụa</p>\r\n\r\n<p>- M&agrave;u sắc: Đen</p>\r\n\r\n<p>- Phong c&aacute;ch: Unisex, streetwear</p>\r\n\r\n<p>- Đối tượng sử dụng: Nam v&agrave; nữ</p>\r\n\r\n<p>- Xu hướng: Năm 2020</p>\r\n\r\n<p>- Xuất xứ: Việt Nam</p>\r\n\r\n<p>- Size: M L XL (Form rộng - Ph&ugrave; hợp với Nam v&agrave; Nữ)</p>\r\n\r\n<p>&bull; Size M : Dưới 1m65 - 60kg</p>\r\n\r\n<p>&bull; Size L : Dưới 1m75 - 70kg</p>\r\n\r\n<p>&bull; Size XL: Dưới 1m85 - 85kg</p>\r\n', 0, 6, 15, '2020-07-02 12:57:43', '2020-12-05 12:39:51'),
(12, 'Jum tay dài phối tầng', 129000, 5, '20201205_79659.jpg', 11, 4, '<p>+ Jum tay d&agrave;i freesize dưới 58kg 1m65 mang vừa kh&aacute;ch nh&eacute;, chiều cao giảm số kg giảm kh&aacute;ch nha.</p>\r\n\r\n<p>+Jump tay d&agrave;i freeship đơn từ 50k nếu đặt h&agrave;ng qua shopee kh&aacute;ch nh&eacute;.</p>\r\n\r\n<p>+ Th&ocirc;ng tin sản phẩm: Jum c&oacute; chất liệu cotton lụa cực đẹp. jump n&agrave;y l&agrave; h&agrave;ng quảng ch&acirc;u nh&eacute; kh&aacute;ch, n&ecirc;n gi&aacute; nhỉnh cao một x&iacute;u th&ocirc;i H&igrave;nh thật trải s&agrave;n kh&aacute;ch nh&eacute;,Mẫu Jumpsuit tay d&agrave;i n&agrave;y chỉ c&oacute; đẹp ngất ng&acirc;y con g&agrave; t&acirc;y.Kh&aacute;ch n&agrave;o ch&ecirc; mẫu n&agrave;y l&agrave; em b&oacute; tay lu&ocirc;n v&igrave; n&oacute; xinh d&atilde; man.h&igrave;nh thật l&agrave; kh&aacute;ch cũng thấy được rồi nh&eacute;.&nbsp;</p>\r\n', 6, 6, 6, '2020-08-08 03:21:13', '2020-12-09 12:58:14'),
(15, 'Áo sơ mi nam hàn quốc', 99000, 14, '20201205_15541.jpg', 2, 4, '<p>&Aacute;o&nbsp;sơ mi nam (sơ mi nam) được thiết kế với form d&aacute;ng trẻ trung với form &aacute;o &ocirc;m, rất chuẩn như h&igrave;nh.&aacute;o sơ mi d&agrave;i tay may bằng chất liệu cao cấp nhất. Ch&uacute;ng t&ocirc;i hiện nay cung cấp &aacute;o sơ mi nam với gi&aacute; b&aacute;n lẻ tốt nhất tr&ecirc;n thị trường.</p>\r\n\r\n<ol>\r\n	<li>Gi&aacute; cạnh tranh nhất do ch&iacute;nh nh&agrave; m&aacute;y sản xuất với số lượng lớn.</li>\r\n	<li>Ch&uacute;ng t&ocirc;i kh&ocirc;ng n&oacute;i sản phẩm của m&igrave;nh c&oacute; chất lượng cao nhưng phải khẳng định chất lượng sản phẩm vượt trội so với gi&aacute; tiền.</li>\r\n	<li>Uy t&iacute;n b&aacute;n h&agrave;ng được đặt l&ecirc;n h&agrave;ng đầu, kh&ocirc;ng kinh doanh chộp giật.</li>\r\n	<li>V&igrave; sản phẩm được sản xuất với số lượng lớn để c&oacute; gi&aacute; cạnh tranh n&ecirc;n kh&ocirc;ng thể tr&aacute;nh được sai s&oacute;t. Nếu qu&yacute; kh&aacute;ch h&agrave;ng kh&ocirc;ng h&agrave;i l&ograve;ng ch&uacute;ng t&ocirc;i sẵn s&agrave;ng hỗ trợ đổi trả.</li>\r\n	<li>Rất mong nhận được &yacute; kiến đ&oacute;ng g&oacute;p của Qu&yacute; kh&aacute;ch h&agrave;ng để ch&uacute;ng t&ocirc;i cải thiện chất lượng dịch vụ tốt hơn.</li>\r\n</ol>\r\n\r\n<p>Th&ocirc;ng tin chi tiết sản phẩm:</p>\r\n\r\n<ol>\r\n	<li>Chất vải sờ mịn kh&ocirc;ng bai, kh&ocirc;ng nhăn, kh&ocirc;ng x&ugrave;.</li>\r\n	<li>Mếch cổ v&agrave; tay l&agrave;m bằng chất liệu cao cấp, kh&ocirc;ng sợ bong tr&oacute;c.</li>\r\n	<li>Fom Body cực chuẩn, &ocirc;m trọn bờ vai mặc cực trẻ trung v&agrave; phong c&aacute;ch, ph&ugrave; hợp mọi ho&agrave;n cảnh kể cả đi chơi v&agrave; đi l&agrave;m.</li>\r\n</ol>\r\n', 0, 6, 6, '2020-08-08 03:28:05', '2020-12-05 03:19:46'),
(19, 'Áo giữ nhiệt nam thể thao', 80000, 50, '20201205_69167.jpg', 1, 4, '<p>M&Ocirc; TẢ SẢN PHẨM</p>\r\n\r\n<p>&Aacute;o giữ nhiệt nam thể thao d&agrave;i tay nhiều m&agrave;u size từ 45 đến 90kg AT28</p>\r\n\r\n<p>Th&ocirc;ng tin sản phẩm &aacute;o thể thao nam:</p>\r\n\r\n<p>- &Aacute;o thể thao nam được thiết kế theo đ&uacute;ng form chuẩn của nam giới Việt Nam</p>\r\n\r\n<p>- Chất liệu cực mềm mịn (&aacute;o vải thun mịn co d&atilde;n 4c) kh&ocirc;ng x&ugrave; l&ocirc;ng</p>\r\n\r\n<p>- &Aacute;o nhẹ, mặc thoải m&atilde;i dễ chịu, &aacute;o co d&atilde;n &ocirc;m cơ thể</p>\r\n\r\n<p>- Chất vải bền bỉ theo thời gian, dễ giặt v&agrave; dễ bảo quản.</p>\r\n\r\n<p>Hướng dẫn sử dụng:</p>\r\n\r\n<p>- Đối với sản phẩm quần &aacute;o mới mua về, n&ecirc;n giặt tay lần đ&acirc;u ti&ecirc;n để tr&aacute;nh phai m&agrave;u sang quần &aacute;o kh&aacute;c</p>\r\n\r\n<p>- Khi giặt n&ecirc;n lộn mặt tr&aacute;i ra để đảm bảo độ bền của h&igrave;nh in/decal</p>\r\n\r\n<p>- Sản phẩm ph&ugrave; hợp cho giặt m&aacute;y/giặt tay</p>\r\n', 1, 6, 6, '2020-09-02 14:57:43', '2020-12-05 08:55:20'),
(20, 'Áo Hoodie Nỉ Loan Màu', 139000, 0, '20201205_22459.jpg', 10, 4, '<p>- Chất Liệu Nỉ M&ecirc;m, Mịn Thấm Mồ H&ocirc;i , Tạo Cảm Gi&aacute;c Thoải M&aacute;i Cho Người Mặc</p>\r\n\r\n<p>- Đường Chỉ May Tinh Tế, Tỉ Mỉ , Chắc Chắn</p>\r\n\r\n<p>- Thiết Kế Thời Trang Trẻ Trung Cho Bạn 1 Phong C&aacute;ch Đầy Năng Động</p>\r\n\r\n<p>- Th&iacute;ch Hợp Đi Chơi , Đi Học , Đi Du Lịch, Dạo Phố - Size dưới 65kg + Thiết Kế Thời Trang + Đường May Tinh Tế + Dễ Đang Phối Trang Phục</p>\r\n\r\n<p>- Cam Kết Sản Phẩm Giống H&igrave;nh 100%</p>\r\n\r\n<p>-Sản Phẩm Từ korea</p>\r\n', 0, 6, 6, '2020-10-20 04:40:50', '2020-12-05 05:21:12'),
(21, 'Bộ vest SALE 70% còn 399k', 3990000, 0, '20201205_51350.jpg', 3, 4, '<p>Bộ vest nam cao cấp gi&aacute; si&ecirc;u rẻ!</p>\r\n\r\n<p>&nbsp;----------------------------------------------</p>\r\n\r\n<p>-Th&ocirc;ng tin sản phẩm</p>\r\n\r\n<p>-Bộ V&eacute;t đen, xanh than, xanh s&aacute;ng , đỏ mận , x&aacute;m đ&aacute; ghi s&aacute;ng được may chất liệu vải tuyết cao cấp d&aacute;ng đứng, c&oacute; lớp l&oacute;t mềm.</p>\r\n\r\n<p>-Độ co d&atilde;n vừa phải l&agrave;m người d&ugrave;ng cảm thấy thoải m&aacute;i nhất c&oacute; thể khi sử dụng Độ co d&atilde;n vừa phải l&agrave;m người d&ugrave;ng cảm thấy thoải m&aacute;i nhất c&oacute; thể khi sử dụng</p>\r\n\r\n<p>-M&agrave;u: Xanh , Đen</p>\r\n\r\n<p>-Chất liệu: Vải t&acirc;y cao cấp -Xuất xứ: Việt Nam</p>\r\n', 0, 6, 6, '2021-10-20 06:12:46', '2020-12-05 08:52:44'),
(22, 'ÁO THUN NAM NGẮN TAY', 65000, 0, '20201205_24175.jpg', 1, 4, '<p>M&Ocirc; TẢ SẢN PHẨM</p>\r\n\r\n<ol>\r\n	<li>&Aacute;o thun nam ngắn tay cổ bẻ phong c&aacute;ch H&agrave;n Quốc</li>\r\n	<li>Thiết kế đơn gi&atilde;n thanh lịch trẻ đẹp ph&ugrave; hợp mọi lứa tuổi</li>\r\n	<li>Trang phục cơ bản kh&ocirc;ng thể thiếu của ph&aacute;i mạnh</li>\r\n	<li>Chất thun d&agrave;y mịn tho&aacute;ng m&aacute;t co d&atilde;n 4 chiều.</li>\r\n	<li>H&agrave;ng may kỹ chắc chắn ( đường bảo h&agrave;nh đường may trong suốt thời gian mặc )</li>\r\n	<li>Hỗ trợ đổi size khi mặc chật hoặc đổi mẫu kh&aacute;c khi kh&ocirc;ng hợp ( tham khảo bảng chọn size ) Cam kết H&agrave;ng chuẩn h&igrave;nh 100% Sản phẩm đ&aacute;ng tiền kh&ocirc;ng thể bỏ lỡ</li>\r\n	<li>Dễ mua dễ mặc nhanh tay chọn ngay cho m&igrave;nh 1 size ph&ugrave; hợp Size M dưới 55kg Size L khoản 55-63kg Size XL khoản 63_73kg CHIỀU CAO TỐI ĐA 1M76</li>\r\n</ol>\r\n', 1, 6, 6, '2020-10-21 09:34:34', '2020-12-05 08:55:26'),
(25, 'Áo Phao Nam Cao Cấp VNXK', 300000, 21, '20201205_66032.jpg', 3, 4, '<p>&Aacute;o Kho&aacute;c Phao Nam</p>\r\n\r\n<ol>\r\n	<li>Kiểu d&aacute;ng gọn nhẹ, năng độn</li>\r\n	<li>Ph&ugrave; hợp nhiều ho&agrave;n cảnh: mặc nh&agrave;, đi học, đi chơi, du lịch..</li>\r\n	<li>&nbsp;Xuất xứ: Việt Nam</li>\r\n</ol>\r\n\r\n<p>K&iacute;ch cỡ:</p>\r\n\r\n<ol>\r\n	<li>Size M:cho bạn c&oacute; c&acirc;n nặng từ50-58kg t&ugrave;y chiều cao</li>\r\n	<li>Size L: cho bạn c&oacute; c&acirc;n nặng từ 58- 69kg t&ugrave;y chiều cao</li>\r\n	<li>Size XL: cho bạn c&oacute; c&acirc;n nặng từ 70-80kg t&ugrave;y chiều cao</li>\r\n</ol>\r\n', 0, 6, 6, '2020-10-27 02:25:02', '2020-12-05 03:31:26'),
(26, 'Bộ Nỉ 3 Vạch Nam Thể Thao', 210000, 27, '20201205_4518.jpg', 4, 4, '<p>- Chất liệu thun c&oacute; độ d&agrave;y vừa phải, r&eacute;t mướt v&agrave; rất tho&aacute;ng kh&iacute; (mặt vải trong h&igrave;nh vảy c&aacute; mang những lỗ tho&aacute;t kh&iacute; si&ecirc;u nhỏ). Bộ thun của Nhạt cửa h&agrave;ng gi&uacute;p giữ ấm v&agrave; kh&ocirc; r&aacute;o cho cơ thể, đặc th&ugrave; sở hữu thời tiết mưa ẩm v&agrave; lạnh của nước ta.</p>\r\n\r\n<p>- Độ co d&atilde;n thấp, đi lại thoả th&iacute;ch, bộ nỉ c&oacute; thể th&iacute;ch hợp l&agrave;m đồ mặc nh&agrave;.</p>\r\n\r\n<p>- kh&ocirc;ng những thế sở hữu thiết kế nam t&iacute;nh v&agrave; c&aacute; t&iacute;nh, bộ thun c&oacute; thể &aacute;p dụng mặc đi l&agrave;m, đi chơi hay đi dạo cũng rất lịch sự, kh&ocirc;ng tạo cảm gi&aacute;c xuề x&ograve;a m&agrave; vẫn thoải m&aacute;i, năng động.</p>\r\n\r\n<p>- c&aacute;c bộ đồ tại Nhạt shop nhờ v&agrave;o chất lượng dệt cao m&agrave; độ mịn mặt vải v&agrave; độ bền ma s&aacute;t phải chăng, chống nhăn, chống bai x&ugrave; trong giai đoạn ti&ecirc;u d&ugrave;ng.</p>\r\n', 0, 6, 6, '2021-10-27 02:26:24', '2020-12-05 03:35:32'),
(27, 'Áo thun form rộng Unisex N7', 240000, 34, '20201205_3817.jpg', 1, 7, '<p>Th&ocirc;ng tin sản phẩm &Aacute;o thun form rộng Unisex N7 ph&ocirc;ng nam nữ tay lỡ đường phố oversize họa tiết in h&igrave;nh M&Egrave;O NEKO :</p>\r\n\r\n<p>- H&agrave;ng chuẩn N7 sản xuất, tem m&aacute;c chuẩn ch&iacute;nh h&atilde;ng.</p>\r\n\r\n<p>- Chất liệu: thun cotton 100%, co gi&atilde;n 4 chiều, vải mềm, vải mịn, tho&aacute;ng m&aacute;t, kh&ocirc;ng x&ugrave; l&ocirc;ng (kh&ocirc;ng nh&agrave;u)</p>\r\n\r\n<p>- Mực in cao cấp kh&ocirc;ng bong tr&oacute;c, h&igrave;nh in sắc n&eacute;t, kh&ocirc;ng phai m&agrave;u, kh&ocirc;ng g&acirc;y hại cho da.</p>\r\n\r\n<p>- Đường may chuẩn chỉnh, tỉ mỉ, chắc chắn.</p>\r\n\r\n<p>- Mặc ở nh&agrave;, mặc đi chơi hoặc khi vận động thể thao. Ph&ugrave; hợp khi mix đồ với nhiều loại.</p>\r\n\r\n<p>- Thiết kế hiện đại, trẻ trung, năng động. Dễ phối đồ</p>\r\n\r\n<p>- Th&ocirc;ng số chọn size:</p>\r\n\r\n<p>Size M: 1m50-1m65 (50-65kg)</p>\r\n\r\n<p>Size L: 1m60-1m75 (60-75kg)</p>\r\n\r\n<p>Size XL: 1m70- 1m85 (70-85kg)</p>\r\n\r\n<p>Size 2XL: 1m75- 1m90 (80-100kg)</p>\r\n', 0, 6, 15, '2021-10-27 02:28:34', '2020-12-05 13:08:38'),
(28, 'Bộ mặc nhà kèm gấu dành cho bé', 166000, 45, '20201205_11164.jpg', 28, 4, '<p>Bộ mặc nh&agrave; k&egrave;m gấu d&agrave;nh cho b&eacute; Size: 6-7&nbsp;hoặc 100 (9-13kg)</p>\r\n\r\n<p>( D&agrave;i &aacute;o: 35cm; Rộng &aacute;o: 28cm; D&agrave;i quần: 48cm) 8-9&nbsp;hoặc 110 (14-17kg)</p>\r\n\r\n<p>( D&agrave;i &aacute;o: 38cm; Rộng &aacute;o: 31cm; D&agrave;i quần: 52cm) 10-11&nbsp;hoặc 120 (18-21kg)</p>\r\n\r\n<p>(D&agrave;i &aacute;o: 41cm; Rộng &aacute;o: 34cm; D&agrave;i quần: 56cm) 12-13&nbsp;hoặc 130 (22-26kg)</p>\r\n\r\n<p>(D&agrave;i &aacute;o: 44cm; Rộng &aacute;o: 37cm; D&agrave;i quần: 60cm)</p>\r\n', 0, 6, 6, '2020-10-27 02:31:50', '2020-12-05 07:50:14'),
(29, 'Quần giả váy chữ A phối cúc', 100000, 38, '20201205_62996.jpg', 8, 9, '<p>Quần giả v&aacute;y cực xinh lu&ocirc;n ạ</p>\r\n\r\n<p>Fom bao đẹp kh&aacute;ch nh&eacute; H&agrave;ng</p>\r\n\r\n<p>nh&agrave; e loại 1 ạ L&ecirc;n d&aacute;ng rất ok</p>\r\n\r\n<p>C&oacute; 4 size S M L Xl</p>\r\n\r\n<ol>\r\n	<li>S:40-46kg</li>\r\n	<li>M:47-51kg</li>\r\n	<li>L:51-55kg</li>\r\n	<li>Xl:55-59kg</li>\r\n</ol>\r\n', 0, 6, 6, '2020-10-27 02:35:55', '2020-12-05 06:07:51'),
(30, 'Áo sơ mi nam LADOS-523', 179000, 45, '20201205_77596.jpg', 2, 9, '<p>TH&Ocirc;NG TIN THƯƠNG HIỆU LADOS l&agrave; Nh&agrave; ph&acirc;n phối chuy&ecirc;n sỉ &amp; lẻ c&aacute;c mặt h&agrave;ng thời trang chất lượng v&agrave; gi&aacute; cả phải chăng với thương hiệu LADOS.</p>\r\n\r\n<ol>\r\n	<li>Ch&uacute;ng t&ocirc;i h&acirc;n hạnh v&agrave; lu&ocirc;n cố gắng để mang đến cho qu&yacute; kh&aacute;ch những sản phẩm chất lượng với gi&aacute; cả tốt nhất v&agrave; dịch vụ uy t&iacute;n.</li>\r\n	<li>Tất cả c&aacute;c sản phẩm của shop đều được ch&uacute;ng t&ocirc;i tuyển chọn một c&aacute;ch kỹ lưỡng sao cho ph&ugrave; hợp với phong c&aacute;ch Ch&acirc;u &Aacute; v&agrave; bắt nhịp c&ugrave;ng xu hướng trẻ.</li>\r\n	<li>Đến với ch&uacute;ng t&ocirc;i kh&aacute;ch h&agrave;ng c&oacute; thể y&ecirc;n t&acirc;m mua h&agrave;ng với nhiều mẫu m&atilde; được cập nhật thường xuy&ecirc;n v&agrave; nhiều khuyến mại hấp dẫn.</li>\r\n</ol>\r\n\r\n<p>Th&ocirc;ng tin sản phẩm: (Tất cả h&igrave;nh ảnh đều l&agrave; h&igrave;nh thật, do b&ecirc;n shop tự chụp)</p>\r\n\r\n<ol>\r\n	<li>Xuất xứ: VIỆT NAM Chất liệu: lụa nến</li>\r\n	<li>Kiểu d&aacute;ng: Thiết kế theo form chuẩn</li>\r\n	<li>M&agrave;u sắc: Đen, Xanh biển, Trắng, Đỏ đ&ocirc;, V&agrave;ng, B&ograve;, X&aacute;m nhạt, Xanh nhạt, Cam, R&ecirc;u</li>\r\n</ol>\r\n', 0, 6, 6, '2020-10-27 02:38:41', '2020-12-09 07:48:24'),
(31, 'Quần ống rộng lưng kiểu Hàn Quốc', 170000, 50, '20201205_97776.jpg', 15, 4, '<p>Quần CULLOTES - Items kh&ocirc;ng-thể-thiếu của mọi c&ocirc; n&agrave;ng - quần ống rộng</p>\r\n\r\n<p>Cullotes n&agrave;y l&agrave; giải ph&aacute;p toẹt vời cho c&aacute;c n&agrave;ng đ&ugrave;i to,ch&acirc;n cong kh&ocirc;ng?</p>\r\n\r\n<p>- Đủ size S,M,L,XL M&Ocirc; TẢ SẢN PHẨM:</p>\r\n\r\n<p>Chất vải: tuyết mưa d&agrave;y dặn,mềm,đứng vải.</p>\r\n\r\n<p>Mặc quần thoải m&aacute;i, mix đồ si&ecirc;u dễ, mặc c&ugrave;ng &aacute;o sơ mi hay &aacute;o ph&ocirc;ng. crop,... đều xinh.</p>\r\n\r\n<p>Chiều d&agrave;i 97-100cm</p>\r\n\r\n<p>Kh&oacute;a trước c&uacute;c lệch.</p>\r\n\r\n<p>Size ( S- M-L-XL)</p>\r\n\r\n<ol>\r\n	<li>Size S: Dưới 48kg</li>\r\n	<li>Size M: Dưới 53kg</li>\r\n	<li>Size L: Dưới 56kg</li>\r\n	<li>Size XL: Dưới 62kg</li>\r\n</ol>\r\n\r\n<p>T&ugrave;y chiều cao của từng người nha.</p>\r\n', 0, 6, 6, '2020-10-27 03:27:19', '2020-12-09 07:48:31'),
(32, 'ÁO DÀI LỤA MỀM HỌA TIẾT HOA', 379000, 0, '20201205_73696.jpg', 11, 4, '<p>BỘ SẢN PHẨM GỒM: &Aacute;o d&agrave;i + Quần PH&Ugrave; HỢP SỬ DỤNG &aacute;o c&ocirc;ng sở, dự tiệc,cưới hỏi, hoạt động ngo&agrave;i trời, chụp h&igrave;nh ngoại cảnh,...</p>\r\n\r\n<p>CHẤT LIỆU V&Agrave; THIẾT KẾ:</p>\r\n\r\n<p>&nbsp;&Aacute;o d&agrave;i nữ form chuẩn , đường may đẹp, d&acirc;y kho&aacute; k&eacute;o sau lưng.</p>\r\n\r\n<p>&nbsp;Vải lụa tơ &oacute;ng mềm, mịn, m&aacute;t, rũ, co d&atilde;n tốt, bay t&agrave;. Vải ph&ugrave; hợp may &aacute;o d&agrave;i, ngo&agrave;i ra c&oacute; thể may &aacute;o lẻ, đầm...với phong c&aacute;ch trẻ trung, thanh lịch, giản dị ph&ugrave; hợp với mọi lứa tuổi. K&Iacute;CH CỠ: đ&iacute;nh k&egrave;m bảng k&iacute;ch cỡ size để bạn lựa chọn.</p>\r\n\r\n<p>Tất cả sản phẩm &aacute;o d&agrave;i thiết kế tương đối ph&ugrave; hợp với v&oacute;c d&aacute;ng phổ th&ocirc;ng người Việt Nam, n&ecirc;n qu&yacute; kh&aacute;ch chỉ cần chọn size ph&ugrave; hợp với chiều cao c&acirc;n nặng gần như đ&atilde; vừa vặn.</p>\r\n\r\n<p>&Aacute;O NỮ: &Aacute;o d&agrave;i nữ ph&ugrave; hợp cho người từ 40 đến 62kg tương ứng với c&aacute;c size S-M-L</p>\r\n\r\n<ol>\r\n	<li>Size S : 40-47kg</li>\r\n	<li>Size M: 48-54kg</li>\r\n	<li>Size L: 55-62kg</li>\r\n</ol>\r\n', 4, 6, 6, '2021-06-27 03:40:03', '2020-12-09 01:23:41'),
(33, 'Sandal ADIS ADILETTE Nam', 750000, 48, '20201205_73820.jpg', 25, 4, '<p>Đ&ocirc;i sandal xịn x&ograve; ch&acirc;n nhất 2020 (Ảnh Thật Tự Chụp C&oacute; Clip Full )</p>\r\n\r\n<p>Chất liệu xịn, đi rất &ecirc;m v&agrave; đẹp ch&acirc;n với quai tr&agrave;n gi&uacute;p ch&acirc;n thon gọn hơn.</p>\r\n\r\n<p>- Đế: nhựa PU - lớt n&uacute;t cực &ecirc;m</p>\r\n\r\n<p>- Quai: vải d&ugrave; điều chỉnh size bằng kh&oacute;a d&aacute;n ( L&oacute;t Lưới )</p>\r\n\r\n<p>- Đế chống m&ograve;n, chống trượt 2 m&agrave;u như h&igrave;nh: Đen v&agrave; Đỏ Full Size: 36 , 37, 38 , 39 , 40 , 41 , 42 , 43&nbsp;</p>\r\n', 0, 6, 6, '2020-10-27 03:41:08', '2020-12-05 07:33:44'),
(34, 'Áo sơ mi ngắn tay nhuộm màu', 250000, 35, '20201205_53993.jpg', 2, 4, '<p>Đặc điểm Sản phẩm mới 100% với chất lượng cao!</p>\r\n\r\n<ol>\r\n	<li>Chất liệu cotton v&agrave; spandex.</li>\r\n	<li>Cửa h&agrave;ng của ch&uacute;ng t&ocirc;i nằm ở Trung Quốc.</li>\r\n	<li>Chiếc &aacute;o sơ mi n&agrave;y được l&agrave;m từ chất liệu cotton si&ecirc;u mềm v&agrave; mặc thoải m&aacute;i.</li>\r\n	<li>Ho&agrave;n hảo để bạn mặc ở nh&agrave; hoặc khi đi dạo phố.</li>\r\n	<li>D&aacute;ng rộng, thoải m&aacute;i, giản dị, &aacute;o sơ mi ph&ugrave; hợp cho c&aacute;c bạn nam tuổi teen</li>\r\n</ol>\r\n', 0, 6, 6, '2020-05-27 03:42:34', '2020-12-09 07:48:46'),
(35, 'Áo Thun suôn sẻ tru Nỉ Dài Tay', 320000, 0, '20201205_53928.jpg', 1, 7, '<p>Th&ocirc;ng b&aacute;o sản phẩm &Aacute;o Thun trơn tru tru Nỉ D&agrave;i Tay Oversize N7 Unisex Basic Sweater Form Rộng Nuthing :</p>\r\n\r\n<p>- H&agrave;ng chuẩn N7 cung ứng, tem m&aacute;c chuẩn ch&iacute;nh h&atilde;ng.</p>\r\n\r\n<p>- Chất liệu: Vải da c&aacute;, co gi&atilde;n 4 chiều, vải mềm, vải mịn, tho&aacute;ng m&aacute;t, kh&ocirc;ng x&ugrave; l&ocirc;ng.</p>\r\n\r\n<p>- tuyến thị trấn may chuẩn chỉnh, tỉ mỉ, vững chắc.</p>\r\n\r\n<p>- Mặc ở nh&agrave;, mặc đi chơi hoặc l&uacute;c chuyển di h&agrave;i thao. ph&ugrave; hợp khi mix đồ c&oacute; phổ th&ocirc;ng c&aacute;i.</p>\r\n\r\n<p>- chiếc m&atilde; đương đại, trẻ trung, năng động. Dễ phối đồ.</p>\r\n\r\n<p>- tham số chọn size:</p>\r\n\r\n<p>Size M: 1m50-1m60 (50-62kg)</p>\r\n\r\n<p>Size L: 1m60-1m73 (55-65kg)</p>\r\n\r\n<p>Size XL: 1m68- 1m80 (60-70kg)</p>\r\n', 0, 6, 15, '2020-10-27 04:19:48', '2020-12-05 13:02:24'),
(36, ' Áo thun Unisex N7 Basic Tee', 29000, 0, '20201205_74983.jpg', 1, 7, '<p>Th&ocirc;ng tin sản phẩm &Aacute;o thun Unisex N7 Basic Tee&nbsp;oversize phom rộng:</p>\r\n\r\n<p>- H&agrave;ng chuẩn N7 sản xuất, tem m&aacute;c chuẩn ch&iacute;nh h&atilde;ng.</p>\r\n\r\n<p>- Chất liệu: thun cotton 100%, co gi&atilde;n 4 chiều, vải mềm, vải mịn, tho&aacute;ng m&aacute;t, kh&ocirc;ng x&ugrave; l&ocirc;ng.</p>\r\n\r\n<p>- Đường may chuẩn chỉnh, tỉ mỉ, chắc chắn.</p>\r\n\r\n<p>- Mặc ở nh&agrave;, mặc đi chơi hoặc khi vận động thể thao. Ph&ugrave; hợp khi mix đồ với nhiều loại.</p>\r\n\r\n<p>- Thiết kế hiện đại, trẻ trung, năng động. Dễ phối đồ.</p>\r\n\r\n<p>- Th&ocirc;ng số chọn size:</p>\r\n\r\n<p>Size M: 1m50-1m60 (50-65kg)</p>\r\n\r\n<p>Size L: 1m55-1m70 (55-65kg)</p>\r\n\r\n<p>Size XL: 1m68- 1m80 (60-70kg)</p>\r\n\r\n<p>Size 2XL: 1m75- 1m85 (70-80kg)</p>\r\n', 0, 6, 15, '2020-04-27 04:21:10', '2020-12-05 13:04:43'),
(37, 'Chân Váy công sở', 89000, 10, '20201205_63275.jpg', 8, 4, '<p>*Th&ocirc;ng Tin Sản Phẩm:</p>\r\n\r\n<p>&nbsp;- Xuất xứ: Việt Nam</p>\r\n\r\n<p>Chất liệu: umi</p>\r\n\r\n<p>Bảo h&agrave;nh: Mọi lỗi</p>\r\n\r\n<p>NSX **Th&ocirc;ng Tin Nổi Bật: - Ch&acirc;n v&aacute;y c&ocirc;ng sở xẻ sau l&agrave; một m&oacute;n đồ ko thể thiếu của chị em phụ nữ, ch&acirc;n v&aacute;y c&oacute; thiết kế chuẩn diện l&ecirc;n người &ocirc;m from v&agrave; t&ocirc;n d&aacute;ng - Chất vải umi co gi&atilde;n, ko x&ugrave; l&ocirc;ng, ko cắn chỉ - Gi&aacute; tốt nhất thị trường - Dễ phối đồ</p>\r\n', 0, 6, 6, '2020-10-27 04:23:43', '2020-12-05 06:11:01'),
(38, 'JUMPSUIT NỮ ĐẸP XÒE 2 TẦNG', 250000, 20, '20201205_37285.jpg', 11, 4, '<p>ĐỂ MỊ N&Oacute;I CHO M&Agrave; NGHE - ĐẦM Ở Đ&Acirc;Y L&Agrave; ĐẸP NHẤT N&Egrave;</p>\r\n\r\n<p>Ở đ&acirc;y c&oacute; b&aacute;n đầm đẹp hơn bồ của NGƯỜI Y&Ecirc;U CŨ bạn, T&Igrave;M Đ&Acirc;U RA ĐƯỢC NHỮNG CHIẾC ĐẦM XUẤT SẮC HƠN, ĐẸP HƠN ĐỨA CON G&Aacute;I M&Agrave; BẠN GH&Eacute;T NHỈ</p>\r\n\r\n<p>Với chất vải lụa tuyết loại 1 cực m&aacute;t- cực đẹp- sờ l&agrave; m&ecirc; ngay, Kh&ocirc;ng nhăn mặc m&aacute;t thoải m&aacute;i lắm ạ</p>\r\n\r\n<p>Form đầm đ&uacute;ng Gu, đ&aacute;p kịp trend &agrave; nhen&nbsp;</p>\r\n\r\n<p>Size : S M L XL XXL ( TH&Aacute;CH THỨC MỌI CHIỀU CAO C&Acirc;N NẶNG )</p>\r\n', 3, 6, 15, '2020-10-27 05:41:19', '2020-12-09 07:49:04'),
(39, 'Áo gió cho bé', 180000, 39, '20201205_11435.jpg', 27, 4, '<p>Th&ocirc;ng tin sản phẩm</p>\r\n\r\n<p>- Thiết kế lớp gi&oacute; b&ecirc;n ngo&agrave;i mềm mại v&agrave; lớp lưới b&ecirc;n trong, 2 t&uacute;i ngo&agrave;i c&oacute; kh&oacute;a k&eacute;o giọt lệ - Bảo vệ cho b&eacute; an to&agrave;n tr&aacute;nh khỏi mưa nhẹ, gi&oacute; r&eacute;t v&agrave; bụi</p>\r\n\r\n<p>- Tặng k&egrave;m t&uacute;i đựng &aacute;o kho&aacute;c xinh xắn v&agrave; tiện lợi</p>\r\n\r\n<p>- &Aacute;o được gia c&ocirc;ng từ c&aacute;c c&ocirc;ng nh&acirc;n may chuy&ecirc;n nghiệp</p>\r\n\r\n<p>Hướng dẫn chọn size:</p>\r\n\r\n<ol>\r\n	<li>S6-7 : 18-24kg</li>\r\n	<li>S8-9: 25-29kg</li>\r\n	<li>S10-11: 29-34kg</li>\r\n	<li>S12-13 : 34-42kg</li>\r\n</ol>\r\n', 0, 6, 6, '2020-10-27 05:42:04', '2020-12-05 07:44:22'),
(40, ' Set áo hoa 2 dây kèm áo khoác', 185000, 0, '20201205_50045.jpg', 11, 4, '<p>H&egrave; n&agrave;y mặc g&igrave; cho xinh.. ??</p>\r\n\r\n<p>Nh&agrave; em về s&eacute;t đẹp m&ecirc; li lun n&egrave;, m&agrave;u xanh mint nh&igrave;n l&agrave; m&ecirc; lun &iacute;.. s&eacute;t đẹp xuất sắc đảm bảo nhận h&agrave;ng l&agrave; m&ecirc; t&iacute;t lun ạ.</p>\r\n\r\n<p>free size từ 40 - 55kg t&ugrave;y chiều cao mặc đẹp</p>\r\n\r\n<p>* CHẤT LIỆU : thun in hoa + kate th&aacute;i + thun len ( xanh)</p>\r\n\r\n<p>* h&igrave;nh thật l&agrave; h&igrave;nh s&agrave;n xưởng chụp , cam kết đẹp như h&igrave;nh chụp thật , đổi trả khi h&agrave;ng lỗi , giao sai mẫu , h&agrave;ng k&eacute;m chất li</p>\r\n', 1, 6, 15, '2020-10-27 05:43:02', '2020-12-09 07:49:24'),
(41, 'DÉP THÁI THỂ THAO THỜI TRANG', 58000, 59, '20201205_70892.jpg', 26, 4, '<p>M&ugrave;a mưa đến rồi! Việc mang những đ&ocirc;i gi&agrave;y khi v&ocirc; t&igrave;nh gặp trời mưa th&igrave; thật kh&oacute; chịu đ&uacute;ng kh&ocirc;ng?</p>\r\n\r\n<p>D&eacute;p xỏ ng&oacute;n kh&ocirc;ng c&ograve;n l&agrave; một m&oacute;n đồ xa lạ m&agrave; đ&atilde; trở th&agrave;nh một m&oacute;n đồ quen thuộc của rất nhiều bạn mỗi dịp h&egrave; về.</p>\r\n\r\n<p>Sự thoải m&aacute;i v&agrave; m&aacute;t mẻ khiến cho n&oacute; trở th&agrave;nh m&oacute;n đồ kh&ocirc;ng thể thiếu để c&aacute;c bạn đi biển.</p>\r\n\r\n<p>Shop xin giới thiệu đến c&aacute;c bạn đ&ocirc;i d&eacute;p t&ocirc;ng xỏ ng&oacute;n nam thời trang gi&aacute; rẻ.</p>\r\n\r\n<p>K&iacute;ch thước: 40 đến 43</p>\r\n\r\n<p>Chất Liệu Đế: cao su</p>\r\n\r\n<p>Chất Liệu Quai : cao su</p>\r\n\r\n<p>Chiều cao đế : 1.5cm</p>\r\n\r\n<p>M&ocirc; tả sản phẩm: D&eacute;p được l&agrave;m từ chất liệu cao cấp, chắc chắn, dẻo dai.</p>\r\n\r\n<p>Được thiết kế theo c&ocirc;ng nghệ mới, độ chống trơn trượt cao, mang đến cho người sử dụng cảm gi&aacute;c thoải m&aacute;i v&agrave; tự tin khi di chuyển.</p>\r\n\r\n<p>Phong c&aacute;ch đơn giản nhưng vẫn hiện đại, bắt kịp xu hướng thời trang mới.</p>\r\n', 0, 6, 6, '2020-10-27 05:45:37', '2020-12-05 07:37:24'),
(42, 'Giày Công sở tăng chiều cao', 840000, 23, '20201205_51024.jpg', 24, 8, '<p>Gi&agrave;y C&ocirc;ng sở tăng chiều cao da b&ograve; thật SMARTMEN GD3-02 Đen TH&Ocirc;NG TIN SẢN PHẨM:</p>\r\n\r\n<p>- Chất liệu: Da b&ograve; thật 100% nhập khẩu nguy&ecirc;n miếng. Đế cao su đ&uacute;c nguy&ecirc;n khối</p>\r\n\r\n<p>- M&agrave;u sắc: M&agrave;u đen trơn nhẵn</p>\r\n\r\n<p>- Kiểu d&aacute;ng: Thiết kế bởi SmartMen theo hơi hướng lịch l&atilde;m nhưng vẫn rất trẻ trung v&agrave; thời thượng</p>\r\n\r\n<p>- Xuất xứ: Sản xuất v&agrave; ph&acirc;n phối độc quyền bởi NAM SMART MEN.</p>\r\n\r\n<p>---------- ĐẶC ĐIỂM NỔI BẬT GD-302 thiết kế theo phong c&aacute;ch phương T&acirc;y-&Acirc;u , mang lại sự lịch l&atilde;m, sang trọng ph&ugrave; hợp với c&aacute;c ch&agrave;ng trai nơi c&ocirc;ng sở nhưng vẫn ưa sự trẻ trung v&agrave; thời trang</p>\r\n\r\n<p>- Form gi&agrave;y thon gọn về phần mũi &ocirc;m s&aacute;t gi&uacute;p t&ocirc;n d&aacute;ng ch&acirc;n v&agrave; trang phục kết hợp c&ugrave;ng, đồng thời đế cao su nguy&ecirc;n khối cao cấp nhập khẩu với c&aacute;c đường v&acirc;n chống trơn trượt hiệu quả.</p>\r\n\r\n<p>- Được gia c&ocirc;ng bằng c&ocirc;ng nghệ hiện đại gi&uacute;p cho bề mặt da trơn mịn, s&aacute;ng b&oacute;ng tự nhi&ecirc;n, dễ d&agrave;ng vệ sinh, thời gian sử dụng c&agrave;ng l&acirc;u bề mặt da c&agrave;ng trở n&ecirc;n mềm mại v&agrave; s&aacute;ng đẹp. Đ&oacute; ch&iacute;nh l&agrave; ưu điểm tốt nhất m&agrave; bạn c&oacute; thể thấy từ những đ&ocirc;i gi&agrave;y c&oacute; chất liệu DA THẬT 100%</p>\r\n\r\n<p>- T&iacute;nh năng TĂNG CHIỀU CAO 5CM cực k&igrave; &ecirc;m ch&acirc;n bằng c&ocirc;ng nghệ đế k&eacute;p gi&uacute;p bạn c&oacute; một chiều cao mới v&ocirc; c&ugrave;ng tự tin v&agrave; ho&agrave;n to&agrave;n kh&ocirc;ng g&acirc;y đau mỏi ch&acirc;n, ĐẶC BIỆT đ&acirc;y l&agrave; c&ocirc;ng nghệ sản xuất gi&agrave;y tăng chiều cao độc quyền của SMARTMEN vậy n&ecirc;n sẽ TĂNG CHIỀU CAO một c&aacute;ch B&Iacute; MẬT, KH&Ocirc;NG LỘ D&Aacute;NG.</p>\r\n', 0, 6, 6, '2020-10-27 05:47:10', '2020-12-05 07:28:06'),
(43, 'Áo thun dài tay nam nữ Unisex N7', 180000, 0, '20201205_68860.jpg', 10, 7, '<p>Th&ocirc;ng tin sản phẩm &Aacute;o thun d&agrave;i tay nam nữ Unisex N7 5 m&agrave;u Basic Long Tee ph&ocirc;ng trơn lỡ oversize phom rộng sweater c&aacute; t&iacute;nh phong c&aacute;ch:</p>\r\n\r\n<p>- H&agrave;ng chuẩn N7 sản xuất, tem m&aacute;c chuẩn ch&iacute;nh h&atilde;ng.</p>\r\n\r\n<p>- Chất liệu: cotton 100%, co gi&atilde;n 4 chiều, vải mềm, vải mịn, tho&aacute;ng m&aacute;t, kh&ocirc;ng x&ugrave; l&ocirc;ng.</p>\r\n\r\n<p>- Đường may chuẩn chỉnh, tỉ mỉ, chắc chắn. - Mặc ở nh&agrave;, mặc đi chơi hoặc khi vận động thể thao. Ph&ugrave; hợp khi mix đồ với nhiều loại.</p>\r\n\r\n<p>- Thiết kế hiện đại, trẻ trung, năng động. Dễ phối đồ.</p>\r\n\r\n<p>- Th&ocirc;ng số chọn size:</p>\r\n\r\n<p>Size M: 1m50-1m60 (50-62kg)</p>\r\n\r\n<p>Size L: 1m60-1m73 (55-65kg)</p>\r\n\r\n<p>Size XL: 1m68- 1m80 (60-70kg)</p>\r\n\r\n<p>Size 2XL: 1m75- 1m85 (70-80kg) (Bảng tr&ecirc;n chỉ mang t&iacute;nh chất tham khảo, chọn mặc fom vừa vặn thoải m&aacute;i, l&ecirc;n xuống size tuỳ theo sở th&iacute;ch ăn mặc của bạn)</p>\r\n\r\n<p>Hướng dẫn sử dụng sản phẩm &Aacute;o thun d&agrave;i tay nam nữ Unisex N7 5 m&agrave;u Basic Long Tee ph&ocirc;ng trơn lỡ oversize phom rộng sweater c&aacute; t&iacute;nh phong c&aacute;ch: - Nhớ lộn tr&aacute;i &aacute;o khi giặt v&agrave; kh&ocirc;ng giặt ng&acirc;m - Kh&ocirc;ng giặt m&aacute;y trong 10 ng&agrave;y đầu - Kh&ocirc;ng sử dụng thuốc tẩy - Khi phơi lộn tr&aacute;i v&agrave; kh&ocirc;ng phơi trực tiếp dưới &aacute;nh nắng mặt trời</p>\r\n', 1, 6, 6, '2020-10-27 05:48:24', '2020-12-05 08:10:01'),
(44, 'Giày lười nam Boss da bò', 180000, 51, '20201205_87639.jpg', 23, 4, '<p>Gi&agrave;y Nam D&aacute;ng Đẹp Chất Lượng Cao , L&ecirc;n Ch&acirc;n Cực Đẹp , Ph&ograve;ng C&aacute;ch , D&aacute;ng Thể Thao</p>\r\n\r\n<p>M&agrave;u : đen</p>\r\n\r\n<p>kiểu d&aacute;ng : Sandal</p>\r\n\r\n<p>Nh&agrave; M&igrave;nh C&oacute; Đầy Đủ Size Cho Kh&aacute;nh Y&ecirc;u Nh&eacute;</p>\r\n\r\n<p>H&agrave;ng Chuẩn , Đẹp , V&agrave; Bao Gi&aacute; To&agrave;n Quốc Cho Bạn</p>\r\n\r\n<p>Shop Giầy D&eacute;p Của Tớ Đảm Bảo Chất Lượng , Mẫu M&atilde; Đa Dạng , Nhận Sỉ To&agrave;n Quốc</p>\r\n\r\n<p>Size Đầy Đủ: 38-39-40-41-42-43</p>\r\n', 0, 6, 6, '2020-10-27 05:52:35', '2020-12-05 07:22:54'),
(45, 'Giày nam cao cổ vải nhung họa tiết', 260000, 39, '20201205_41430.jpg', 22, 4, '<p>Gi&agrave;y sneaker thể thao nam chất da lộn bền đẹp , gi&agrave;y l&ecirc;n ch&acirc;n &ecirc;m &aacute;i, nhẹ nh&agrave;ng.</p>\r\n\r\n<p>Gi&agrave;y nhập trực tiếp từ Quảng Ch&acirc;u chất đẹp, chuẩn h&igrave;nh chuẩn size.</p>\r\n\r\n<p>Đặc điểm nổi bật:</p>\r\n\r\n<p>- Chất da lộn cao cấp bền đẹp</p>\r\n\r\n<p>- Đế tổng hợp bền bỉ</p>\r\n\r\n<p>- L&ecirc;n ch&acirc;n nhẹ nh&agrave;ng, &ecirc;m &aacute;i</p>\r\n\r\n<p>- Kiểu d&aacute;ng thời trang mới nhất</p>\r\n\r\n<p>H&agrave;ng nhập Quảng Ch&acirc;u chuẩn h&igrave;nh, chất đẹp</p>\r\n', 1, 6, 6, '2020-10-27 05:53:32', '2020-12-09 07:49:30'),
(46, 'GIÀY NỮ TRẮNG PSRT ULZZANG', 3190000, 41, '20201205_14323.jpg', 21, 4, '<p>GI&Agrave;Y NỮ TRẮNG PSRT ULZZANG HOA C&Uacute;C ĐỘN ĐẾ 5 PH&Acirc;N GI&Uacute;P TĂNG CHIỀU CAO G 77</p>\r\n\r\n<p>- Gi&agrave;y nữ trắng, gi&agrave;y ulzzang L&agrave; một trong những loại gi&agrave;y hot nhất, với thiết kế đẹp, tinh tế, trẻ trung v&agrave; hiện đại.</p>\r\n\r\n<p>TH&Ocirc;NG SỐ SẢN PHẨM:</p>\r\n\r\n<p>- SIZE: 35-36-37-38-39.</p>\r\n\r\n<p>-GI&Agrave;Y THỂ THAO NỮ ĐỘN ĐẾ 5 cm GI&Uacute;P C&Aacute;C BẠN TĂNG CHIỀU CAO.</p>\r\n\r\n<p>- Kiểu d&aacute;ng thể thao, mạnh mẽ,ph&ugrave; hợp với c&aacute;c bạn trong độ tuổi 12-30</p>\r\n\r\n<p>- Đế cao su bền chắc, c&oacute; độ b&aacute;m cao.</p>\r\n\r\n<p>- Th&iacute;ch hợp khi tham gia c&aacute;c hoạt động thể thao, đạp xe, du lịch, đi chơi theo nh&oacute;m, .....</p>\r\n\r\n<p>- Dễ d&agrave;ng kết hợp với hầu hết c&aacute;c phong c&aacute;ch thời trang như: Gi&agrave;y đ&ocirc;i, gi&agrave;y nh&oacute;m....</p>\r\n', 0, 6, 6, '2020-10-27 06:07:05', '2020-12-05 07:15:09'),
(47, 'BỐT CỔ LỬNG PHONG CÁCH HÀN', 250000, 45, '20201205_99287.jpg', 20, 4, '<p>Mẫu mới nhất hiện nay</p>\r\n\r\n<p>Kiểu d&aacute;ng thời trang</p>\r\n\r\n<p>Mang rất &ecirc;m nhẹ ch&acirc;n</p>\r\n\r\n<p>Mẫu mới ph&ugrave; hợp với mọi lứa tuổi</p>\r\n\r\n<p>Y&ecirc;n t&acirc;m khi mua đồ tại shop m&igrave;nh nh&eacute; c&aacute;c bạn</p>\r\n', 0, 6, 6, '2020-10-27 06:08:25', '2020-12-05 07:11:24'),
(48, 'Quần tập dài Gym k001', 95000, 0, '20201205_21944.jpg', 12, 10, '<p>* TH&Ocirc;NG TIN SẢN PHẨM Quần tập gym nữ cạp cao</p>\r\n\r\n<p>- Chất liệu: 90% polyester, 10% spandex. Đ&acirc;y được xem l&agrave; chất liệu thấm h&uacute;t tốt, tho&aacute;ng m&aacute;t, co gi&atilde;n 4 chiều gi&uacute;p bạn dễ d&agrave;ng vận động khi tập gym, Yoga cũng như c&aacute;c m&ocirc;n thể thao kh&aacute;c.</p>\r\n\r\n<p>- Thiết kế: Cạp cao 15cm, b&oacute; s&aacute;t cơ thể - Kiểu d&aacute;ng: quần legging nữ sử dụng tập gym, zumba, yoga...</p>\r\n\r\n<p>* HƯỚNG DẪN CHỌN SIZE</p>\r\n\r\n<p>Quần tập gym nữ cạo cao c&oacute; 3 size tất cả, sử dụng cho người từ 40 đến 64kg. Bạn c&oacute; thể chọn size theo c&acirc;n nặng v&agrave; chiều cao theo th&ocirc;ng số dưới d&acirc;y hoặc theo bảng size đ&iacute;nh k&egrave;m</p>\r\n\r\n<ol>\r\n	<li>Size S: 40 - 50kg - d&agrave;i quần: 80cm</li>\r\n	<li>Size M: 50 - 58kg - d&agrave;i quần: 81cm</li>\r\n	<li>Size L : 58 - 64kg - d&agrave;i quần: 82cm</li>\r\n</ol>\r\n', 0, 6, 6, '2020-10-27 06:08:57', '2020-12-05 06:44:30'),
(49, 'ÁO KHOÁC GIÓ LÔNG CỪU NAM', 400000, 35, '20201205_85326.jpg', 3, 4, '<p>&Aacute;o c&oacute; mũ li&ecirc;̀n sau cổ rất nh&acirc;n thể lợi cho c&aacute;c kh&aacute;ch nếu mang phải đi thời tiết gi&oacute;. Kh&oacute;a chu&acirc;̉n doạ́t hãng.</p>\r\n\r\n<p>&Aacute;o với ngo&agrave;i mặt kh&oacute;a k&eacute;o ph&iacute;a trước tiện thể dụng bạn sở hữu thể thuận tiện khi mặc.</p>\r\n\r\n<p>Tay &aacute;o v&agrave; th&acirc;n phối bo, một mực khi mặc, ngo&agrave;i t&aacute;c dụng bảo vệ bạn khỏi t&aacute;c hại từ m&ocirc;i trường b&ecirc;n ngo&agrave;i &aacute;o c&ograve;n n&acirc;ng cao th&ecirc;m phần thanh tao v&agrave; giữ ấm cơ thể.</p>\r\n\r\n<p>Form d&aacute;ng cổ điển bạn mang thể tiện dụng kết hợp với phổ qu&aacute;t y phục kh&aacute;c nhau v&ocirc; cộng lu&ocirc;n thể dụng v&agrave; bắt mắt.</p>\r\n\r\n<p>Chất liệu phao si&ecirc;u nhẹ,b&ecirc;n trong là l&ocirc;ng cừu cực &acirc;́m tiện lợi cho ch&agrave;ng trong những ng&agrave;y đ&ocirc;ng mưa ph&ugrave;n hay gi&oacute; lạnh.</p>\r\n\r\n<p>M&agrave;u sắc trang nh&atilde; thuận tiện mix cộng những y phục kh&aacute;c.Bạn với thể h&agrave;i h&ograve;a cộng &aacute;o sơ mi, &aacute;o kiểu, quần kaki, jean những phụ kiện đi k&egrave;m để lu&ocirc;n được tự t&iacute;n v&agrave; vượt trội nhất.</p>\r\n\r\n<p>Size : S,M,L,XL ( 50 - 85kg)</p>\r\n\r\n<ol>\r\n	<li>S : 50 - 58kg</li>\r\n	<li>M : 59 - 67kg</li>\r\n	<li>L : 68 - 76kg</li>\r\n	<li>XL : 77 - 85kg</li>\r\n</ol>\r\n', 0, 6, 6, '2020-10-27 06:10:11', '2020-12-05 04:10:18'),
(50, 'Sandan Cao Gót 11P', 300000, 25, '20201205_36703.jpg', 19, 4, '<p>SANDAN CAO GOT - KiỂM TRA H&Agrave;NG KHI THANH TO&Aacute;N</p>\r\n\r\n<p>Chất liệu da mờ</p>\r\n\r\n<p>Chuẩn size : 34, 35, 36, 37, 38, 39, 40</p>\r\n\r\n<p>Chiều cao : 7P - 9P - 10P - 11P</p>\r\n\r\n<p>SHIP H&Agrave;NG COD TO&Agrave;N QUỐC</p>\r\n\r\n<p>H&Agrave;NG Y H&Igrave;NH, BẢO H&Agrave;NH KEO 1 NĂM</p>\r\n\r\n<p>HỖ TRỢ XEM H&Agrave;NG TRỰC TIẾP</p>\r\n\r\n<p>HỖ TRỢ ĐỔI H&Agrave;NG KO VỪA SIZE, H&Agrave;NG LỖI SX</p>\r\n', 1, 6, 6, '2020-10-27 06:11:54', '2020-12-09 07:49:43'),
(51, 'Giày Búp Bê Bệt Da Bò', 375000, 55, '20201205_11494.jpg', 18, 4, '<p>B&uacute;p b&ecirc; nơ mũi tr&ograve;n l&agrave; một mẫu gi&agrave;y nữ năng động v&agrave; c&aacute; t&iacute;nh, th&iacute;ch hợp để vui chơi dạo phố c&ugrave;ng bạn b&egrave;. Được l&agrave;m từ chất liệu da thật, gi&agrave;y rất &ecirc;m v&agrave; mềm.</p>\r\n\r\n<p>Chắc chắn đ&ocirc;i b&uacute;p b&ecirc; n&agrave;y sẽ gi&uacute;p n&agrave;ng c&oacute; một ng&agrave;y v&ocirc; c&ugrave;ng thoải m&aacute;i.</p>\r\n\r\n<p>&nbsp;Size: 35, 36, 37, 38, 39 ,40</p>\r\n\r\n<p>Chất liệu: Da thật</p>\r\n\r\n<p>HƯỚNG DẪN BẢO QUẢN: - Bạn n&ecirc;n thường xuy&ecirc;n vệ sinh gi&agrave;y để gi&uacute;p đ&ocirc;i gi&agrave;y lu&ocirc;n mới v&agrave; tăng tuổi thọ của gi&agrave;y. Khi gi&agrave;y bị bẩn chỉ cần d&ugrave;ng vải ẩm mềm lau nhẹ nh&agrave;ng bề mặt da, kh&ocirc;ng n&ecirc;n rửa bằng nước v&agrave; d&ugrave;ng vật cứng, điều n&agrave;y sẽ khiến lớp da gi&agrave;y dễ bị bong tr&oacute;c.</p>\r\n\r\n<p>- Đối với gi&agrave;y bị thấm nước mưa, chỉ cần d&ugrave;ng vải ướt lau hết b&ugrave;n đất, sau đ&oacute; d&ugrave;ng vải kh&ocirc; lau lại một lượt, rồi nh&eacute;t b&aacute;o v&agrave;o gi&agrave;y. Cuối c&ugrave;ng, hong kh&ocirc; ở nơi tho&aacute;ng gi&oacute; (kh&ocirc;ng phơi trực tiếp dưới &aacute;nh nắng mặt trời).</p>\r\n\r\n<p>- Gi&agrave;y phải được để ở nơi tho&aacute;ng m&aacute;t. Nếu kh&ocirc;ng thường xuy&ecirc;n sử dụng, c&oacute; thể để v&agrave;o hộp c&oacute; t&uacute;i h&uacute;t ẩm, tr&aacute;nh để keo gi&agrave;y kh&ocirc;ng bị th&aacute;i h&oacute;a do l&acirc;u ng&agrave;y kh&ocirc;ng sử dụng. - Ngo&agrave;i ra, trước khi cất gi&agrave;y đi, n&ecirc;n d&ugrave;ng giấy vụn vo th&agrave;nh nắm tr&ograve;n rồi nh&eacute;t v&agrave;o b&ecirc;n trong gi&agrave;y để gi&agrave;y lu&ocirc;n giữ được h&igrave;nh d&aacute;ng ban đầu. Cuối c&ugrave;ng, đặt gi&agrave;y v&agrave;o hộp giấy, cất v&agrave;o nơi kh&ocirc; r&aacute;o. Như vậy, sau thời gian d&agrave;i cất giữ, gi&agrave;y sẽ đỡ bị kh&ocirc; cứng, gi&uacute;p giữ gi&agrave;y được bền l&acirc;u hơn.</p>\r\n', 0, 6, 6, '2020-10-27 06:14:10', '2020-12-05 07:07:42'),
(52, 'Bộ Quần áo thu đông', 230000, 18, '20201205_33962.jpg', 11, 4, '<p>ĐẶC ĐIỂM SẢN PHẨM:</p>\r\n\r\n<ol>\r\n	<li>Thiết Kế Đẹp Mắt</li>\r\n	<li>&nbsp;Trẻ chung năng động , c&aacute; t&iacute;nh</li>\r\n	<li>&nbsp;Chất vải nỉ mềm mại, dễ thấm h&uacute;t mồ h&ocirc;i</li>\r\n	<li>&nbsp;Vừa mặc nh&agrave; vừa đi chơi đi tập cực kỳ thoải m&aacute;i</li>\r\n	<li>Xuất Xứ: Việt Nam</li>\r\n</ol>\r\n\r\n<p>&nbsp;Thương hiệu: ROO M&Ocirc; TẢ SẢN PHẨM:</p>\r\n\r\n<ol>\r\n	<li>GIẢM NGAY 35-50 % gi&aacute; trị sản phẩm duy nhất trong th&aacute;ng</li>\r\n	<li>&nbsp;CAM KẾT sản phẩm giống H&Igrave;NH</li>\r\n	<li>&nbsp;M&agrave;u sắc sản phẩm v&ocirc; c&ugrave;ng đa dạng, nổi bật.</li>\r\n	<li>&nbsp;Gồm những gam m&agrave;u tươi mới gi&uacute;p bạn dễ d&agrave;ng phối nhiều loại trang phục kh&aacute;c nhau.</li>\r\n	<li>&nbsp;Tuy nhi&ecirc;n cũng t&ugrave;y v&agrave;o m&agrave;u sắc của quần &aacute;o v&agrave; trang phục m&agrave; bạn phối sao cho h&agrave;i h&ograve;a nh&eacute;!</li>\r\n</ol>\r\n', 1, 6, 6, '2020-10-27 06:36:48', '2020-12-06 10:47:20'),
(53, 'Quần Tây Xám', 280000, 10, '20201205_25658.jpg', 17, 4, '<p>SI&Ecirc;U SI&Ecirc;U KHUYẾN M&Atilde;I&nbsp; GI&Agrave;Y CAO G&Oacute;T ĐỘC&nbsp;</p>\r\n\r\n<p>GI&Aacute; KHUYẾN M&Atilde;I - KiỂM TRA H&Agrave;NG KHI THANH TO&Aacute;N&nbsp;</p>\r\n\r\n<p>Chất liệu da b&oacute;ng &nbsp;Chuẩn size : 35, 36, 37, 38, 39</p>\r\n\r\n<p>Chiều cao : 9P - 11P - 12P</p>\r\n', 1, 6, 6, '2020-10-27 06:38:17', '2020-12-05 08:48:33'),
(54, 'Bộ ngủ pijama', 190000, 43, '20201205_38527.jpg', 16, 4, '<p>Bộ ngủ cao cấp bassic chất mềm</p>\r\n\r\n<p>H&agrave;ng về 5 m&agrave;u chia như ảnh</p>\r\n\r\n<p>Chất liệu si&ecirc;u cao cấp h&agrave;ng quảng ch&acirc;u chất lượng cao</p>\r\n\r\n<p>C&oacute; 2&nbsp;size Đ&oacute;ng g&oacute;i t&uacute;i zip cao cấp</p>\r\n', 0, 6, 6, '2020-10-27 06:39:14', '2020-12-05 06:51:03'),
(55, 'Áo lưới tập Gym ', 36000, 0, '20201205_97962.jpg', 12, 4, '<p>* TH&Ocirc;NG TIN SẢN PHẨM &Aacute;o lưới tập gym - Chất liệu: Vải lưới cao cấp tho&aacute;ng m&aacute;t, kh&ocirc;ng g&acirc;y hại cho da - Thiết kế: &Aacute;o lưới dạng xu&ocirc;ng, cổ tr&ograve;n</p>\r\n\r\n<p>- Kiểu d&aacute;ng: &Aacute;o lưới tập gym, &aacute;o lưới đi biển, &aacute;o lưới tập thể thao *</p>\r\n\r\n<p>HƯỚNG DẪN CHỌN SIZE &Aacute;o lưới tập gym c&oacute; 3 size tất cả, sử dụng cho người từ 40 đến 64kg. Bạn c&oacute; thể chọn size theo c&acirc;n nặng v&agrave; chiều cao theo th&ocirc;ng số dưới d&acirc;y hoặc theo bảng size đ&iacute;nh k&egrave;m</p>\r\n\r\n<ol>\r\n	<li>Size S: 40 - 48kg</li>\r\n	<li>Size M: 48 - 56kg</li>\r\n	<li>Size L : 56 - 64kg</li>\r\n</ol>\r\n', 0, 6, 6, '2020-10-27 06:40:08', '2020-12-05 06:47:32'),
(56, 'Jumtsuit Short Đen Cổ Vest', 450000, 41, '20201205_49085.jpg', 11, 4, '<p>JUMTSUIT SHORT ĐEN CỔ VEST SANG CHẢNH T&Ocirc;N DA Jumtsuit Short Đen Cổ Vest Sang Chảnh T&ocirc;n Da</p>\r\n\r\n<p>Chất liệu : lụa ch&eacute;o &yacute; M&agrave;u: đen Kiểu d&aacute;ng: jumt quần đ&ugrave;i, cổ vest, tay ngắn , eo d&acirc;y r&uacute;t , 2 t&uacute;i, c&agrave;i n&uacute;t trước, xoắn lai quần v&agrave; cổ tay</p>\r\n\r\n<p>Size: M L XL</p>\r\n\r\n<p>- Size M (46~54kg, ngực 88, eo max 86, m&ocirc;ng 94, d&agrave;i 82)</p>\r\n\r\n<p>- Size L (53~57kg, ngực 90, eo max 88, m&ocirc;ng 96, d&agrave;i 82)</p>\r\n\r\n<p>- Size XL (56~60kg, ngực 94, eo max 90, m&ocirc;ng 100, d&agrave;i 82)</p>\r\n', 0, 6, 6, '2020-10-27 06:46:32', '2020-12-05 06:42:01'),
(57, 'Yếm ống rộng chất cát hàn', 111111, 0, '20201205_11682.jpg', 11, 4, '<p>shop xin m&ocirc; tả sản phẩm Yếm ống r&ocirc;ng chất c&aacute;t H&agrave;n h&oacute;t h&iacute;t</p>\r\n\r\n<p>Chất liệu vải: C&aacute;t h&agrave;n Gi&uacute;p bạn thoải m&aacute;i khi vận động Set yếm được thiết kế đẹp ph&ugrave; hợp với xu hướng hiện nay</p>\r\n\r\n<p>Sản phẩm được may đo cẩn thận, tỉ mi Ph&ugrave; hợp với mọi lứa tuổi, mọi v&oacute;c d&aacute;ng</p>\r\n\r\n<p>Dễ d&agrave;ng kết hợp với nhiều loại phụ kiện, trang phục size s&lt;48kg M&lt;55kg L&lt; 62kg</p>\r\n', 0, 6, 6, '2020-10-27 07:00:12', '2020-12-05 06:38:49'),
(58, 'ÁO DÀI LỤA ĐÍNH HẠT HỌA TIẾT', 429000, 0, '20201205_42012.jpg', 11, 4, '<p>&Aacute;o d&agrave;i c&aacute;ch t&acirc;n ph&ugrave; hợp với: dự tiệc,cưới hỏi, hoạt động ngo&agrave;i trời, chụp h&igrave;nh ngoại cảnh,...</p>\r\n\r\n<p>BỘ SẢN PHẨM GỒM: &Aacute;o d&agrave;i + quần</p>\r\n\r\n<ol>\r\n	<li>CHẤT LIỆU:&nbsp; Vải lụa tơ &oacute;ng mềm, mịn, m&aacute;t, rũ, co d&atilde;n tốt, bay t&agrave;. Kết hợp quần lụa</li>\r\n	<li>&Aacute;o d&agrave;i nữ form chuẩn , đường may đẹp, d&acirc;y kho&aacute; k&eacute;o sau lưng.</li>\r\n</ol>\r\n\r\n<p>K&Iacute;CH CỠ:&nbsp; đ&iacute;nh k&egrave;m bảng k&iacute;ch cỡ size để bạn lựa chọn.</p>\r\n\r\n<p>Tất cả sản phẩm &aacute;o d&agrave;i thiết kế tương đối ph&ugrave; hợp với v&oacute;c d&aacute;ng phổ th&ocirc;ng người Việt Nam, n&ecirc;n qu&yacute; kh&aacute;ch chỉ cần chọn size ph&ugrave; hợp với chiều cao c&acirc;n nặng gần như đ&atilde; vừa vặn.</p>\r\n\r\n<p>&Aacute;O D&Agrave;I NỮ: &Aacute;o d&agrave;i nữ ph&ugrave; hợp cho người từ 40 đến 62kg tương ứng với c&aacute;c size S-M-L</p>\r\n\r\n<ol>\r\n	<li>Size S : 40kg-47kg, số đo V1: 74-84</li>\r\n	<li>Size M: 48kg-54kg, số đo V1: 76-88 Size</li>\r\n	<li>L: 55kg-62kg, số đo V1: 80-94</li>\r\n</ol>\r\n', 0, 6, 6, '2020-10-27 07:00:24', '2020-12-05 06:20:03'),
(59, 'chân váy a midi công sở', 120000, 46, '20201205_62566.jpg', 8, 4, '<p>CH&Acirc;N V&Aacute;Y C&Ocirc;NG SỞ CAO CẤP D&Aacute;NG D&Agrave;I QUA GỐI SI&Ecirc;U SANG CHẢNH Ch&acirc;n v&aacute;y a midi c&ocirc;ng sở _704</p>\r\n\r\n<p>Size SMLXL</p>\r\n\r\n<ol>\r\n	<li>S 40~47KG bụng dưới 66cm m&ocirc;ng 80~85cm d&agrave;i 70cm</li>\r\n	<li>M 47.52KG bụng dưới 72cm m&ocirc;ng 85~90 d&agrave;i 70cm</li>\r\n	<li>L 52.56KG bụng. dứoi 76cm m&ocirc;ng 90~95 d&agrave;i 70</li>\r\n	<li>XL.56.62KG. bụng dưới 80 m&ocirc;ng 95~100. d&agrave;i 70</li>\r\n</ol>\r\n', 0, 6, 6, '2020-10-27 07:06:18', '2020-12-05 06:15:49'),
(60, 'Váy đuôi cá cạp cao', 53000, 2, '20201205_3798.jpg', 8, 4, '<p>Th&ocirc;ng tin sản phẩm : Ch&acirc;n v&aacute;y đu&ocirc;i c&aacute; phối nh&uacute;n thun &ocirc;m body</p>\r\n\r\n<p>Chất vải thun c&aacute;t misa co gi&atilde;n tốt, lưng thun C&oacute; quần trong</p>\r\n\r\n<p>Free Size dưới 53kg. Eo 85cm trở xuống</p>\r\n', 0, 6, 6, '2020-10-27 07:11:41', '2020-12-05 06:13:15'),
(61, 'Quần giả váy phối cúc Hoa', 130000, 50, '20201205_56798.jpg', 8, 4, '<p>Quần giả v&aacute;y cực xinh lu&ocirc;n ạ</p>\r\n\r\n<p>Fom bao đẹp kh&aacute;ch nh&eacute; H&agrave;ng nh&agrave; e loại 1 ạ</p>\r\n\r\n<p>L&ecirc;n d&aacute;ng rất ok&nbsp;</p>\r\n\r\n<p>C&oacute; 4 size S M L Xl</p>\r\n\r\n<ol>\r\n	<li>S:40-46kg</li>\r\n	<li>M:47-51kg</li>\r\n	<li>L:51-55kg</li>\r\n	<li>Xl:55-59kg</li>\r\n</ol>\r\n', 0, 6, 6, '2020-10-27 07:14:07', '2020-12-05 06:05:45'),
(62, 'Chân váy lưng cao hoạ tiết caro', 165000, 40, '20201205_78290.jpg', 8, 4, '<p>Thời gian giao h&agrave;ng dự kiến cho sản phẩm n&agrave;y l&agrave; từ 7-9 ng&agrave;y</p>\r\n\r\n<p>Chất liệu Cotton + sợi polyester</p>\r\n\r\n<p>K&iacute;ch thước:</p>\r\n\r\n<ol>\r\n	<li>S: Chiều d&agrave;i ch&acirc;n v&aacute;y: 41cm, Eo: 68cm, H&ocirc;ng: 86cm.</li>\r\n	<li>M: Chiều d&agrave;i ch&acirc;n v&aacute;y: 42cm, Eo: 72cm, H&ocirc;ng: 90cm.</li>\r\n	<li>L: Chiều d&agrave;i ch&acirc;n v&aacute;y: 43cm, Eo: 76cm, H&ocirc;ng: 94cm.</li>\r\n	<li>XL: Chiều d&agrave;i ch&acirc;n v&aacute;y: 44cm, Eo: 80cm, H&ocirc;ng: 98cm.</li>\r\n</ol>\r\n', 0, 6, 6, '2020-10-27 07:14:56', '2020-12-05 06:02:55');
INSERT INTO `san_pham` (`id`, `TenSP`, `GiaSP`, `GiamGia`, `AnhSP`, `id_DanhMuc`, `id_ThuongHieu`, `MoTa`, `LanBan`, `Created_by`, `Update_by`, `Created_at`, `Update_at`) VALUES
(63, 'Đầm dự tiệc nữ trẻ trung', 250000, 48, '20201205_35412.jpg', 7, 4, '<p>Đầm dự tiệc nữ trẻ trung cực sang chảnh Si&ecirc;u phẩm hot nhất m&ugrave;a h&egrave; n&agrave;y vừa ra l&ograve;, chỉ để đ&acirc;y v&agrave; kh&ocirc;ng n&oacute;i g&igrave; th&ecirc;m</p>\r\n\r\n<p>Tone trắng lu&ocirc;n l&agrave; nhất</p>\r\n\r\n<p>Qu&aacute; chuẩn cho buổi tiệc t&ugrave;ng, hẹn h&ograve;</p>\r\n\r\n<p>Tay bồng đ&iacute;nh hạt, xinh lắm ớ</p>\r\n\r\n<p>Chất liệu: Cotton mỹ Size&nbsp; S M L XL ( 4&nbsp;size ) Inbox để shop tư vấn size - Sản phẩm chuẩn như ảnh, n&eacute;t từng đường kh&acirc;u - Giao h&agrave;ng to&agrave;n quốc, thanh to&aacute;n khi nhận h&agrave;ng - Cam kết ho&agrave;n tiền 100% nếu sản phẩm kh&ocirc;ng giống ảnh, xem h&agrave;ng trước khi thanh to&aacute;n</p>\r\n', 0, 6, 6, '2020-10-27 07:16:20', '2020-12-05 05:59:53'),
(64, 'Đầm trắng trễ vai dạo phố', 250000, 44, '20201205_77750.jpg', 7, 4, '<p>.Chiếc đầm c&oacute; d&acirc;y cột nơ tr&ecirc;n vai rất nữ t&iacute;nh v&agrave; si&ecirc;u b&aacute;nh b&egrave;o</p>\r\n\r\n<p>Chất liệu: linen xước</p>\r\n\r\n<ol>\r\n	<li>Size S dưới 48kg, 3 v&ograve;ng 85 65 90</li>\r\n	<li>Size M dưới 52kg, 3 v&ograve;ng 90 70 95</li>\r\n	<li>Size L dưới 57kg, 3 v&ograve;ng 95 75 100</li>\r\n	<li>Size XL dưới 60kg, 3 v&ograve;ng 100 80 105</li>\r\n</ol>\r\n', 0, 6, 6, '2020-10-27 07:33:37', '2020-12-05 05:57:09'),
(65, ' Áo Polo NAM Ôm Body VINETO', 150000, 43, '20201205_19822.jpg', 1, 4, '<p>1. GIỚI THIỆU SẢN PHẨM</p>\r\n\r\n<p>&Aacute;o Ph&ocirc;ng Nam ngắn tay , cổ bẻ , chống nhăn cao cấp ch&iacute;nh l&agrave; gợi &yacute; ho&agrave;n hảo cho nam giới mỗi l&uacute;c chọn lựa y phục mỗi ng&agrave;y. c&oacute; những loại &aacute;o ph&ocirc;ng nam ngo&agrave;i mặt thuần tu&yacute; v&agrave; to&aacute;t l&ecirc;n vẻ lịch l&atilde;m tinh tế, c&oacute; tới bắt mắt bắt mắt trẻ trung, năng động cứng c&aacute;p sẽ l&agrave; chọn lọc ho&agrave;n hảo cho ch&agrave;ng trai đương đại, nam t&iacute;nh. những chiếc &aacute;o ph&ocirc;ng nam d&ugrave; kết hợp mang quần &acirc;u, quần jeans l&uacute;c đi l&agrave;m cho hay diện c&ugrave;ng quần ngố, quần short đi chơi đều nổi bật, thả sức v&agrave; phong c&aacute;ch. với form d&aacute;ng vừa vặn c&aacute;c ch&agrave;ng sở hữu thể tự t&iacute;n khoe body cực chuẩn của m&igrave;nh. H&atilde;y bổ sung ngay v&agrave;o tủ đồ item n&agrave;y để diện thật chất nh&eacute;!</p>\r\n\r\n<p>2. th&ocirc;ng tin CHI TIẾT - M&agrave;u sắc : ĐEN, TRẮNG , XANH THAN, GHI S&Aacute;NG , X&Aacute;M ĐẬM</p>\r\n\r\n<p>- Chất liệu: cotton , thấm h&uacute;t mồ h&ocirc;i - Chất vải sờ mịn ko bai, ko nhăn, kh&ocirc;ng x&ugrave;</p>\r\n\r\n<p>- Quy c&aacute;ch, ti&ecirc;u chuẩn tuyến phố may tinh tế, tường tận trong từng chi tiết</p>\r\n\r\n<p>- bề ngo&agrave;i: thiết kế thuần tu&yacute;, dễ mặc, dễ phối đồ - Form body H&agrave;n Quốc sở hữu lại thời trang trẻ trung, lịch l&atilde;m - Chất lượng sản phẩm phải chăng, gi&aacute; cả hợp l&yacute;</p>\r\n', 0, 6, 6, '2020-10-27 07:35:33', '2020-12-05 02:28:09'),
(66, 'Áo thu đông Hàn Quốc 2020', 160000, 44, '20201205_7406.jpg', 1, 4, '<p>&Aacute;o thu đ&ocirc;ng nam tay d&agrave;i c&oacute; mũ thời trang nam H&agrave;n Quốc 2020</p>\r\n\r\n<p>Bạn đang x&acirc;y dựng h&igrave;nh ảnh qu&yacute; &ocirc;ng lịch l&atilde;m, sang trọng? Bạn đang muốn thay đổi h&igrave;nh ảnh đơn giản, thoải m&aacute;i nhưng vẫn lịch sự, thanh lịch? Hay Bạn muốn tặng cho bố hay chồng m&oacute;n qu&agrave; &yacute; nghĩa? Vậy th&igrave; &Aacute;o Thun Nam Tay D&agrave;i Minh Cường sẽ l&agrave; sự lựa chọn hợp l&iacute; cho Bạn đ&oacute;.</p>\r\n\r\n<p>Minh Cường xin giới thiệu &Aacute;o Thun Nam Tay D&agrave;i Phong C&aacute;ch Lịch L&atilde;m - l&agrave; d&ograve;ng &aacute;o thun nam thời trang phong c&aacute;ch đơn giản, lịch l&atilde;m.</p>\r\n', 0, 6, 6, '2020-10-27 07:37:43', '2020-12-05 02:31:55'),
(67, 'Bộ Nỉ Nam Chất Liệu Cao Cấp', 129000, 0, '20201205_66036.jpg', 4, 4, '<p>THIẾT KẾ TRẺ TRUNG : T&uacute;i thiết kế kh&oacute;a k&eacute;o ti&ecirc;n lợi tr&aacute;nh rơi đồ khi vận động hoặc ngồi xe . &nbsp;</p>\r\n\r\n<p>CHẤT LIỆU : Umi trơn cao cấp, trơn - mịn, ko bai hay bị x&ugrave;</p>\r\n\r\n<p>FORM CHUẨN PH&Ugrave; HỢP VỚI MỌI V&Oacute;C D&Aacute;NG</p>\r\n\r\n<ol>\r\n	<li>Co d&atilde;n 4 chiều thể thao , mịn tăng khả năng thấm h&uacute;t tạo cảm gi&aacute;c v&ocirc; c&ugrave;ng thoải m&aacute;i cho người mặc</li>\r\n	<li>Kiểu d&aacute;ng trẻ trung, ph&ugrave; hợp nhiều độ tuổi</li>\r\n	<li>M 45-55kg / L : 55-65kg / XL 65-75Kg</li>\r\n</ol>\r\n', 0, 6, 6, '2020-10-27 07:38:50', '2020-12-05 04:31:11'),
(68, 'Áo gió Lining cho nam', 249000, 2, '20201205_96553.jpg', 3, 4, '<p>&Aacute;o gi&oacute; lining h&agrave;ng chuẩn h&atilde;ng 1:1 chất gi&oacute; ko nhăn nh&agrave;u .</p>\r\n\r\n<p>Anh em y&ecirc;n t&acirc;m đặt h&agrave;ng nh&eacute; .</p>\r\n\r\n<p>Kh&ocirc;ng c&oacute; j rẻ m&agrave; đẹp đc đ&acirc;u a e .</p>\r\n\r\n<p>H&agrave;ng m&igrave;nh n&ecirc;n đảm bảo 1:1 so với h&atilde;ng .</p>\r\n\r\n<p>Được kiểm h&agrave;ng rồi mới thanh to&aacute;n .</p>\r\n\r\n<p>Ko ưng đổi trả thoải m&aacute;i Fom &aacute;o slim fit Size M 50-58kg Size L 60-68kg Size XL70-80kg</p>\r\n', 0, 6, 6, '2020-10-27 07:39:16', '2020-12-05 04:05:49'),
(69, 'Váy body 2 dây xẻ đùi đen', 119000, 15, '20201205_30168.jpg', 7, 4, '<p>Th&ocirc;ng tin sản phẩm : v&aacute;y body 2 d&acirc;y xẻ đ&ugrave;i</p>\r\n\r\n<p>Chất liệu : thun coton 4 chieu d&agrave;y dặn co gian tốt</p>\r\n\r\n<p>Size: h&agrave;ng free size dễ mặc dưới 58kg mặc đẹp</p>\r\n\r\n<p>Xuất xứ : việt nam</p>\r\n', 0, 6, 6, '2020-10-27 07:40:41', '2020-12-05 05:54:43'),
(70, 'Váy body 2 dây xẻ đùi ', 119000, 25, '20201205_43853.jpg', 7, 4, '<p>Th&ocirc;ng tin sản phẩm : v&aacute;y body 2 d&acirc;y xẻ đ&ugrave;i</p>\r\n\r\n<p>Chất liệu : thun coton 4 chieu d&agrave;y dặn co gian tốt</p>\r\n\r\n<p>Size: h&agrave;ng free size dễ mặc dưới 58kg mặc đẹp</p>\r\n\r\n<p>Xuất xứ : việt nam</p>\r\n', 0, 6, 6, '2020-10-27 07:41:22', '2020-12-05 05:52:50'),
(71, 'Váy đầm body 2 dây nhúng eo', 120000, 43, '20201205_71104.jpg', 7, 4, '<p>&nbsp;</p>\r\n\r\n<p>V&Aacute;Y body 2 d&acirc;y với thiết kế v&ocirc; c&ugrave;ng trẻ trung .</p>\r\n\r\n<p>Freesize dưới 55kg V&aacute;y co d&atilde;n vừa cho hầu hết mọi d&aacute;ng người , c&oacute; thể mix &aacute;o kho&aacute;c ngo&agrave;i</p>\r\n\r\n<p>&spades;️ Chất liệu : boripTrắng</p>\r\n\r\n<p>&spades;️ H&agrave;ng cam đoan 100% y ảnh Mặc đi chơi ,đi l&agrave;m ,đi dự tiệc xinh hết nấc lu&ocirc;n ak.</p>\r\n', 0, 6, 6, '2020-10-27 07:41:52', '2020-12-05 05:50:20'),
(72, 'Váy body nút bấm', 125000, 25, '20201205_88271.jpg', 7, 4, '<p>K&iacute;ch thước: One size, từ 44kg - 52kg t&ugrave;y chiều cao.</p>\r\n\r\n<p>&nbsp;Chất liệu: THUN CO GI&Atilde;N CAO CẤP.</p>\r\n\r\n<p>&nbsp;H&igrave;nh ảnh v&agrave; sản phẩm thực tế cam kết đ&uacute;ng 100%.</p>\r\n\r\n<p>Giao h&agrave;ng tận nơi tr&ecirc;n to&agrave;n quốc, thanh to&aacute;n khi nhận h&agrave;ng.</p>\r\n\r\n<p>&nbsp;Kiểu d&aacute;ng thanh lịch trẻ trung, sang trọng , qu&yacute; ph&aacute;i.</p>\r\n\r\n<p>H&atilde;y li&ecirc;n hệ với shop ngay để nhận th&ecirc;m ưu đ&atilde;i nh&eacute;!</p>\r\n\r\n<p>Nếu h&agrave;ng kh&ocirc;ng đ&uacute;ng shop sẽ tiến h&agrave;nh đổi trả ngay cho c&aacute;c bạn.</p>\r\n', 0, 6, 6, '2020-10-27 07:42:12', '2020-12-05 05:47:34'),
(73, 'QUẦN LEGGING ', 100000, 45, '20201205_68566.jpg', 15, 4, '<p>QUẦN LEGGING N&Acirc;NG M&Ocirc;NG AOS CHUẨN T&Uacute;I ZIP</p>\r\n\r\n<p>Chất cotton co gi&atilde;n bốn chiều thoải m&aacute;i vận động : đi l&agrave;m,đi chơi,tập gym...đều ok ! ĐẸP!!!</p>\r\n\r\n<p>Đặc biệt bạn g&aacute;i n&agrave;o muốn v&ograve;ng 3 hấp dẫn,căng tr&ograve;n ,h&atilde;y về đội e n&oacute;</p>\r\n\r\n<p>Vải d&agrave;y,đẹp,cầm chắc tay,mua quần nh&agrave; e rồi .muốn mua th&ecirc;m 2,3,4 quần nữa cơ.&hearts;</p>\r\n\r\n<p>N&Oacute;I KH&Ocirc;NG VỚI H&Agrave;NG LOẠI MỎNG K&Eacute;M CHẤT LƯỢNG. CAM KẾT K BAI- K X&Ugrave; !!!</p>\r\n\r\n<p>Chị e n&agrave;o chưa mua: mua thử 1 e để cảm nhận.E k t&acirc;ng bốc,e k ch&eacute;m gi&oacute;!!!</p>\r\n\r\n<p>Chốt sz cho e theo bảng dưới n&agrave;y nh&eacute;.LƯU &Yacute; AI D&Aacute;NG GAAYFCAO LUI XUỐNG 1 SZ, D&Aacute;NG MẬP MẠP ĐẪY Đ&Agrave; TĂNG L&Ecirc;N 2 SZ CHO E M&lt;45kg L&lt;52kg XL&lt;57kg XXL&lt;63kg</p>\r\n', 0, 6, 6, '2020-10-27 08:25:00', '2020-12-05 05:44:59'),
(74, 'Quần Jean Ống Loe Trơn', 1890000, 45, '20201205_73635.jpg', 15, 4, '<p>BẠN VUI L&Ograve;NG ĐỌC KĨ TH&Ocirc;NG TIN M&Ocirc; TẢ DƯỚI Đ&Acirc;Y TRƯỚC KHI MUA..</p>\r\n\r\n<p>Quần chất jean d&agrave;y dặn, co d&atilde;n tốt, quần 9 tấc mặc như ảnh mẫu. sale gi&aacute; rẻ số lượng c&oacute; hạn. quần cạp cao cao qua rốn. Lưu &yacute; shop đ&atilde; đăng ảnh v&agrave; video shop tự quay c&oacute; k&egrave;m cả ho&aacute; đơn b&ecirc;n cạnh, vui l&ograve;ng kh&ocirc;ng hỏi ảnh thật. Kh&ocirc;ng so s&aacute;nh với ảnh người mẫu mặc. vui l&ograve;ng xem kĩ ảnh thật v&agrave; video shop quay.</p>\r\n\r\n<p>TH&Ocirc;NG SỐ SIZE</p>\r\n\r\n<p>chiều d&agrave;i quần 87cm</p>\r\n\r\n<ol>\r\n	<li>Size S eo dưới 68cm m&ocirc;ng dưới 84cm Size</li>\r\n	<li>M eo dưới 70cm m&ocirc;ng dưới 86cm size</li>\r\n	<li>L eo dưới 72cm m&ocirc;ng dưới 88cm</li>\r\n</ol>\r\n', 0, 6, 6, '2020-10-27 08:27:16', '2020-12-05 05:38:28'),
(75, 'Quần Baggy Công Sở', 69000, 0, '20201205_42818.jpg', 15, 4, '<p>LƯU &Yacute;: + Shop kh&ocirc;ng đồng &yacute; đổi h&agrave;ng/ ho&agrave;n h&agrave;ng nếu kh&aacute;ch mua ph&acirc;n loại c&oacute; chữ &quot;sỉ&quot;, chỉ đổi h&agrave;ng cho kh&aacute;ch trong trường hợp mua ph&acirc;n loại gi&aacute; &quot;lẻ&quot; (kh&aacute;ch ko vừa, ko ưng, ko th&iacute;ch shop hỗ trợ đổi h&agrave;ng, ph&iacute; ship đổi 2 chiều kh&aacute;ch chịu ạ)</p>\r\n\r\n<p>Size : S/M/L/XL/XXL &nbsp;Th&ocirc;ng số khoảng:</p>\r\n\r\n<ol>\r\n	<li>S&lt;44kg v&ograve;ng bụng cho kh&aacute;ch &lt;70cm +-2cm</li>\r\n	<li>M &lt; 47kg ................................&lt; 74cm +-2cm</li>\r\n	<li>L &lt; 50kg..................................&lt; 76cm +-2cm</li>\r\n	<li>XL &lt; 53kg ...............................&lt; 78cm +-2cm</li>\r\n	<li>XXL &lt; 58kg..............................&lt;83cm +-2cm</li>\r\n	<li>Quần bigsize cho kh&aacute;ch &gt;58kg đến 75kg e đăng ở sp kh&aacute;c, kh&aacute;ch iu t&igrave;m trong danh mục quần baggy nha :)</li>\r\n</ol>\r\n', 0, 6, 6, '2020-10-27 08:28:13', '2020-12-05 05:33:29'),
(76, 'Quần ka ki xuông sắn ống', 40000, 0, '20201205_96767.jpg', 15, 4, '<p>Quần Kaki xu&ocirc;ng nữ từ 40-53 kg cao 1m62 đổ về D&aacute;ng rộng xu&ocirc;ng.</p>\r\n\r\n<p>Mặc 4 m&ugrave;a C&aacute;c bạn ch&uacute; &yacute; đọc Th&ocirc;ng tin sp trước khi đặt h&agrave;ng Shop chỉ chuyển đơn theo đ&uacute;ng ph&acirc;n loại kh&aacute;ch chọn trong đơn</p>\r\n', 0, 6, 6, '2020-10-27 08:32:10', '2020-12-05 05:30:06'),
(77, 'Quần ống rộng culottes xuông dài', 150000, 47, '20201205_35722.jpg', 15, 4, '<p>Quần culottes ống rộng su&ocirc;ng d&agrave;i 2 m&agrave;u đen t&iacute;m Th&ocirc;ng tin sản phẩm</p>\r\n\r\n<p>Quần lưng/cạp cao qua rốn_quần cạp thường kh&aacute;ch nha kh&ocirc;ng c&oacute; chun sau lưng ạ. D&acirc;y k&eacute;o kho&aacute; trước</p>\r\n\r\n<p>Chất vải đẹp, kh&ocirc;ng qu&aacute; d&agrave;y tạo độ rũ cho vải..</p>\r\n', 0, 6, 6, '2020-10-27 08:48:00', '2020-12-05 05:24:36'),
(78, 'Áo Sơ Mi Nữ trắng tay bồng', 150000, 35, '20201205_3156.jpg', 10, 4, '<p>Xuu Design chuy&ecirc;n cung cấp quần &acirc;u, &aacute;o sơ mi, &aacute;o kiểu, ch&acirc;n v&aacute;y thiết kế với gi&aacute; cực hợp l&yacute; v&agrave; tốt nhất thị trường, chất lượng đảm bảo</p>\r\n\r\n<p>Uy t&iacute;n lu&ocirc;n đặt l&ecirc;n h&agrave;ng đầu để tương lai lu&ocirc;n ph&aacute;t triển</p>\r\n\r\n<p>ĐỔI TRẢ miễn ph&iacute; nếu h&agrave;ng lỗi, nhầm size, nhầm mẫu cho qu&yacute; kh&aacute;ch</p>\r\n\r\n<p>Hỗ trợ ĐỔI SIZE, ĐỔI MẪU.</p>\r\n\r\n<p>Tư vấn tận t&igrave;nh, lu&ocirc;n lắng nghe chia sẻ của qu&yacute; kh&aacute;ch về sản phẩm để cải thiện chất lượng v&agrave; phục vụ thật chu đ&aacute;o hơn</p>\r\n\r\n<p>*HƯỚNG DẪN CHỌN SIZE</p>\r\n\r\n<p>▪ Size : S ( 40 đến 49kg ) V1 90 cầu vai 36</p>\r\n\r\n<p>▪ Size M: (49 đến 55kg ) V1 94, cầu vai 37</p>\r\n\r\n<p>▪ Size L: (55 đến 60kg ) V1 98, cầu vai 38</p>\r\n\r\n<p>▪ Size XL: ( 60-65kg mặc) V1 102, cầu vai 40</p>\r\n', 0, 6, 6, '2020-10-27 08:49:51', '2020-12-05 05:12:12'),
(79, 'Áo thun tay lỡ Unisex Yinxx', 100000, 32, '20201205_86375.jpg', 10, 4, '<p>H&Ocirc;NG TIN SẢN PHẨM:</p>\r\n\r\n<p>- T&ecirc;n sản phẩm: &Aacute;o thun tay lỡ form rộng UNISEX</p>\r\n\r\n<p>- Xuất sứ: Việt Nam</p>\r\n\r\n<p>- Chất liệu: cotton D&Agrave;Y MỀM MỊN M&Aacute;T kh&ocirc;ng x&ugrave; l&ocirc;ng. Form &aacute;o rộng chuẩn TAY LỠ UNISEX cực đẹp.</p>\r\n\r\n<p>- Size &aacute;o: FREESIZE form rộng</p>\r\n\r\n<p>- Chiều d&agrave;i &aacute;o: 72cm - Chiều rộng &aacute;o: 55cm</p>\r\n\r\n<p>- Chiều d&agrave;i tay &aacute;o: 20cm - Từ 50-65KG (mặc rộng thoải m&aacute;i) - Từ 66-75KG (mặc rộng vừa).</p>\r\n', 0, 6, 6, '2020-10-27 09:00:12', '2020-12-05 05:08:10'),
(80, 'Áo thun tay dài form rộng', 990000, 39, '20201205_52385.jpg', 10, 4, '<p>-Th&ocirc;ng Tin Sản Phẩm &Aacute;o thun tay d&agrave;i form rộng unisex Wind, &aacute;o sweater unisex Ulzzang Wind</p>\r\n\r\n<p>-&Aacute;o thun tay d&agrave;i form rộng unisex Wind, &aacute;o sweater unisex Ulzzang Wind, ph&ugrave; hợp cho mọi ho&agrave;n cảnh, dễ phối đồ</p>\r\n\r\n<p>-Chất liệu Cotton 65/35 chọn d&agrave;nh ri&ecirc;ng cho thời tiết nắng n&oacute;ng, mặc rất thoải m&aacute;i, kh&ocirc;ng x&ugrave; l&ocirc;ng.</p>\r\n\r\n<p>-Mực In r&otilde; n&eacute;t, kh&ocirc;ng nh&ograve;e bong tr&oacute;c</p>\r\n\r\n<p>-Thiết kế hiện đại, trẻ trung, năng động. Dễ phối đồ -Free size &lt; 70kg(D&agrave;i &Aacute;o 67cm, Rộng &Aacute;o 58cm). Mặc đẹp nhất ở khoảng 45-60kg. Mặc vừa với 60-70kg. Tr&ecirc;n 70kg mặc chật</p>\r\n', 0, 6, 6, '2020-10-27 09:02:45', '2020-12-05 05:05:43'),
(81, 'Áo khoác mũ nhung tăm', 199000, 20, '20201205_56191.jpg', 10, 4, '<p>&Aacute;o kho&aacute;c mũ nhung tăm cực hot về h&agrave;ng Chất nhung tăm mềm loại 1.</p>\r\n\r\n<p>chất nhung lỳ ch&eacute;o cực đẹp,mũ &aacute;o lớp trong ngo&agrave;i đều l&agrave; vải ch&iacute;nh nha...</p>\r\n\r\n<p>Nh&agrave; em bao form bao chất lu&ocirc;n ạ</p>\r\n\r\n<p>Form thụng y mẫu H&agrave;ng may kỹ l&ecirc;n form chuẩn</p>\r\n', 0, 6, 6, '2020-11-02 02:34:47', '2020-12-05 05:01:51'),
(82, 'Quần đũi nam dài siêu mát', 99000, 11, '20201205_45088.jpg', 5, 4, '<p>Quần đũi nam d&agrave;i</p>\r\n\r\n<p>Chất liệu : đũi th&ocirc; mềm m&aacute;t</p>\r\n\r\n<p>Quần thiết kế cạp chun, quay moi kho&aacute; giả khiến quần cứng c&aacute;p m&agrave; vẫn dễ mặc</p>\r\n', 0, 6, 6, '2020-11-02 02:35:34', '2020-12-05 04:40:09'),
(83, 'Quần kaki nam ống bó', 220000, 43, '20201205_15761.jpg', 5, 4, '<p>C&Aacute;CH CHỌN SIZE: &nbsp;</p>\r\n\r\n<ol>\r\n	<li>Size 28 : C&acirc;n nặng 45-52kg, cao 1m60 - 1m67</li>\r\n	<li>&nbsp;Size 29 : C&acirc;n nặng 53-57kg, cao 1m65 - 1m70</li>\r\n	<li>&nbsp;Size 30 : C&acirc;n nặng 58-62kg, cao 1m68 - 1m75</li>\r\n	<li>Size 31 : C&acirc;n nặng 62-66kg, cao 1m70 - 1m76</li>\r\n	<li>&nbsp;Size 32 : C&acirc;n nặng 65-70kg, cao 1m70 - 1m80</li>\r\n</ol>\r\n\r\n<p>Cam kết:</p>\r\n\r\n<p>-H&agrave;ng y h&igrave;nh sai h&igrave;nh ho&agrave;n tiền</p>\r\n\r\n<p>-Sản phẩm v&ocirc; t&igrave;nh lỗi sẽ đc ho&agrave;n tiền 100%</p>\r\n\r\n<p>-Shop c&oacute; hỗ trợ đổi sz nếu k vừa</p>\r\n\r\n<p>-Ship h&agrave;ng to&agrave;n quốc, nhận h&agrave;ng thanh to&aacute;n</p>\r\n\r\n<p>-Mua b&aacute;n an to&agrave;n, tiện lợi, được shopee bảo trợ ho&agrave;n tiền 100% nếu sp lỗi</p>\r\n', 0, 6, 6, '2020-11-02 02:37:07', '2020-12-05 04:37:38'),
(84, 'Quần jogger nam kaki', 178000, 39, '20201205_47761.jpg', 5, 10, '<p>TH&Ocirc;NG TIN CHI TIẾT</p>\r\n\r\n<ol>\r\n	<li>Chất liệu: kaki cao cấp</li>\r\n	<li>Thương hiệu: Vicero</li>\r\n	<li>Xuất xứ: Việt Nam</li>\r\n</ol>\r\n\r\n<p>CHỌN SIZE</p>\r\n\r\n<ol>\r\n	<li>Size M-29:cao 1m6-1m65,nặng 50-55kg</li>\r\n	<li>Size L-30:Cao 1m66-1m70,nặng 56-60kg</li>\r\n	<li>Size XL-31:Cao 1m70-1m74,nặng 61-65kg</li>\r\n</ol>\r\n\r\n<p>&nbsp;</p>\r\n', 0, 6, 6, '2020-11-02 02:39:32', '2020-12-05 04:34:23'),
(86, 'Quần Âu Nam Hàn Quốc', 180000, 40, '20201205_32462.jpg', 5, 4, '<p>Đ&acirc;y l&agrave; sản phẩm CH&Iacute;NH H&Atilde;NG XƯỞNG 100%</p>\r\n\r\n<p>Cam kết GI&Aacute; CẢ v&agrave; CHẤT LƯỢNG lu&ocirc;n tốt Top thị trường.</p>\r\n\r\n<p>Kh&aacute;ch c&oacute; thể XEM H&Agrave;NG trước khi thanh to&aacute;n ( Kh&aacute;ch y&ecirc;u cầu nh&acirc;n vi&ecirc;n giao h&agrave;ng gọi cho Shop để được xem h&agrave;ng )</p>\r\n\r\n<ol>\r\n	<li>Loại : Quần &Acirc;u</li>\r\n	<li>&nbsp;Kiểu D&aacute;ng : Đi Chơi, Hẹn H&ograve;, C&ocirc;ng Sở</li>\r\n	<li>&nbsp;Chất Liệu : Vải Cao Cấp</li>\r\n	<li>Thương Hiệu : Xưởng May</li>\r\n	<li>&nbsp;Th&iacute;ch Hợp : 4 M&ugrave;a</li>\r\n</ol>\r\n\r\n<p>C&Aacute;CH CHỌN SIZE :</p>\r\n\r\n<ol>\r\n	<li>Size 28 : C&acirc;n nặng 45-50kg, cao 1m60 - 1m67 / Chiều d&agrave;i quần 90cm, v&ograve;ng bụng 74cm, ống c&ocirc;n 15 cm</li>\r\n	<li>Size 29 : C&acirc;n nặng 51-55kg, cao 1m65 - 1m70 / Chiều d&agrave;i quần 92cm, v&ograve;ng bụng 76cm, ống c&ocirc;n 15,5 cm</li>\r\n	<li>Size 30 : C&acirc;n nặng 56-60kg, cao 1m68 - 1m75 / Chiều d&agrave;i quần 94cm, v&ograve;ng bụng 79cm, ống c&ocirc;n 16 cm</li>\r\n	<li>Size 31 : C&acirc;n nặng 61-65kg, cao 1m70 - 1m76 / Chiều d&agrave;i quần 96cm, v&ograve;ng bụng 82cm, ống c&ocirc;n 17 cm</li>\r\n	<li>Size 32 : C&acirc;n nặng 66-70kg, cao 1m70 - 1m80 / Chiều d&agrave;i quần 98cm, v&ograve;ng bụng 84cm, ống c&ocirc;n 18 cm Size 33 : C&acirc;n nặng 70-77kg, cao 1m75 - 1m85 / Chiều d&agrave;i quần 100cm, v&ograve;ng bụng 87cm, ống c&ocirc;n 18,5 cm</li>\r\n</ol>\r\n', 0, 6, 6, '2020-11-02 02:44:55', '2020-12-05 04:23:55'),
(87, 'Quần thể thao nam Jogger ', 120000, 34, '20201205_78457.jpg', 5, 4, '<p>Th&ocirc;ng tin sản phẩm quần thể thao nam:</p>\r\n\r\n<p>- Quần thể thao nam được thiết kế theo đ&uacute;ng form chuẩn của nam giới Việt Nam</p>\r\n\r\n<p>- Sản phẩm ch&iacute;nh l&agrave; mẫu thiết kế mới nhất cho m&ugrave;a h&egrave; n&agrave;y</p>\r\n\r\n<p>Chất liệu cực mềm mịn, tho&aacute;ng m&aacute;t (chất nỉ thể thao)</p>\r\n\r\n<p>- Đem lại sự thoải m&aacute;i tiện lợi nhất cho người mặc. Hướng dẫn sử dụng:</p>\r\n\r\n<p>- Đối với sản phẩm quần &aacute;o mới mua về, n&ecirc;n giặt tay lần đ&acirc;u ti&ecirc;n để tr&aacute;nh phai m&agrave;u sang quần &aacute;o kh&aacute;c</p>\r\n\r\n<p>- Khi giặt n&ecirc;n lộn mặt tr&aacute;i ra để đảm bảo độ bền của h&igrave;nh in/decal</p>\r\n\r\n<p>- Sản phẩm ph&ugrave; hợp cho giặt m&aacute;y/giặt tay</p>\r\n\r\n<p>Hướng dẫn chọn size quần thể thao nam:</p>\r\n\r\n<p>- Size M: 45-58Kg, &lt;1m70</p>\r\n\r\n<p>- Size L: 58-68Kg, &lt;1m75</p>\r\n\r\n<p>- Size XL: 68-78Kg, &lt;1m80</p>\r\n\r\n<p>- Size 2XL: 78-88Kg, &lt;1m85</p>\r\n', 0, 6, 6, '2020-11-02 02:47:03', '2020-12-05 04:17:31'),
(88, 'BỘ ĐỒ NGỦ PIJAMA NAM', 290000, 0, '20201205_58868.jpg', 4, 4, '<p>Chất liệu: Lụa Satin mềm mịn</p>\r\n\r\n<p>Mặc nh&agrave;, mặc ngủ sang trọng, thoải m&aacute;i. Chất liệu nhẹ nh&agrave;ng tho&aacute;ng m&aacute;t</p>\r\n\r\n<p>Size Nam : tham khảo cho chiều cao 1m70</p>\r\n\r\n<ol>\r\n	<li>Size M : 50-60kg</li>\r\n	<li>Size L : 60-70kg</li>\r\n	<li>Size XL : 70-80kg&nbsp;</li>\r\n</ol>\r\n', 0, 6, 6, '2020-11-02 02:49:56', '2020-12-05 04:01:14'),
(89, 'Bộ Nỉ Nam Thể Thao N y', 270000, 26, '20201205_78871.jpg', 4, 4, '<p>!! Chất liệu thun c&oacute; độ d&agrave;y vừa phải, r&eacute;t mướt v&agrave; rất tho&aacute;ng kh&iacute; (mặt vải trong h&igrave;nh vảy c&aacute; mang những lỗ tho&aacute;t kh&iacute; si&ecirc;u nhỏ). Bộ thun của Nhạt cửa h&agrave;ng gi&uacute;p giữ ấm v&agrave; kh&ocirc; r&aacute;o cho cơ thể, đặc th&ugrave; sở hữu thời tiết mưa ẩm v&agrave; lạnh của nước ta.</p>\r\n\r\n<p>!! Độ co d&atilde;n thấp, đi lại thoả th&iacute;ch, bộ nỉ c&oacute; thể th&iacute;ch hợp l&agrave;m đồ mặc nh&agrave;.</p>\r\n\r\n<p>!! Kh&ocirc;ng những thế sở hữu thiết kế nam t&iacute;nh v&agrave; c&aacute; t&iacute;nh, bộ thun c&oacute; thể &aacute;p dụng mặc đi l&agrave;m, đi chơi hay đi dạo cũng rất lịch sự, kh&ocirc;ng tạo cảm gi&aacute;c xuề x&ograve;a m&agrave; vẫn thoải m&aacute;i, năng động.</p>\r\n\r\n<p>!! c&aacute;c bộ đồ tại Nhạt shop nhờ v&agrave;o chất lượng dệt cao m&agrave; độ mịn mặt vải v&agrave; độ bền ma s&aacute;t phải chăng, chống nhăn, chống bai x&ugrave; trong giai đoạn ti&ecirc;u d&ugrave;ng.</p>\r\n', 0, 6, 6, '2020-11-02 04:24:30', '2020-12-05 03:56:36'),
(90, 'Áo Nỉ Nam Thời Trang ZERO', 218000, 45, '20201205_22549.jpg', 1, 11, '<p>TH&Ocirc;NG TIN CHI TIẾT</p>\r\n\r\n<ol>\r\n	<li>Chất liệu: nỉ len</li>\r\n	<li>&nbsp;Size: M - L &ndash; XL- XXL</li>\r\n	<li>&nbsp;M&agrave;u sắc: Đen - Xanh Than &ndash; X&aacute;m &ndash; Ghi Nhạt</li>\r\n	<li>&nbsp;Xuất xứ: Việt Nam ------------------------------------</li>\r\n	<li>Chất vải len cao cấp, kh&ocirc;ng nhăn, kh&ocirc;ng bai</li>\r\n	<li>Đường may tinh tế, chỉn chu, n&uacute;t đơm kh&eacute;o l&eacute;o, chắc chắn</li>\r\n	<li>M&agrave;u sắc đa dạng, trẻ trung</li>\r\n	<li>Form body H&agrave;n Quốc mang lại phong c&aacute;ch lịch l&atilde;m, sang trọng</li>\r\n	<li>Cổ &aacute;o được c&aacute;ch điệu theo d&aacute;ng cổ tr&ograve;n , độc đ&aacute;o</li>\r\n</ol>\r\n\r\n<p>&nbsp;</p>\r\n', 0, 6, 6, '2020-11-02 05:54:32', '2020-12-05 08:54:20'),
(93, 'Bộ thể thao nam', 99000, 14, '20201205_85652.jpg', 4, 4, '<p>‼ Với ti&ecirc;u ch&iacute; &quot;UY T&Iacute;N L&Agrave; SỐ 1&quot; chắc chắn kh&aacute;ch h&agrave;ng sẽ h&agrave;i l&ograve;ng về sp của shop.</p>\r\n\r\n<p>‼Chất vải &aacute;o thun lạnh co gi&atilde;n 4 chiều, ko bai ko x&ugrave; b&ocirc;ng, min v&agrave; m&aacute;t gi&uacute;p thoải m&aacute;i vận động, th&iacute;ch hơp thể dục thể thao</p>\r\n\r\n<p>‼ quần gi&oacute; mềm co gi&atilde;n nhẹ, 2 t&uacute;i c&oacute; kh&oacute;a trẻ trung, lịch sự.</p>\r\n', 0, 6, 6, '2020-12-01 06:16:15', '2020-12-05 05:35:27'),
(94, 'Bộ Thể Thao Nam VICERO', 320000, 47, '20201205_76741.jpg', 4, 10, '<p>&nbsp;</p>\r\n\r\n<p>TH&Ocirc;NG TIN CHI TIẾT</p>\r\n\r\n<ol>\r\n	<li>Chất liệu: Cotton 100%</li>\r\n	<li>M&agrave;u sắc: X&aacute;m trắng-Đen-Xanh than-X&aacute;m đậm</li>\r\n	<li>Thương hiệu: VICERO K&iacute;ch thước: M-XXL</li>\r\n	<li>&nbsp;Xuất xứ: Việt Nam</li>\r\n</ol>\r\n', 0, 6, 6, '2020-12-03 05:53:00', '2020-12-05 03:46:30'),
(95, 'Áo Thun Dài Tay Cổ Tròn ', 139000, 39, '20201205_85053.jpg', 1, 4, '<p><strong>&Aacute;o thun d&agrave;i tay nam </strong></p>\r\n\r\n<ol>\r\n	<li>M&agrave;u sắc : ghi s&aacute;ng , ghi tối , đỏ đ&ocirc; , xanh than.</li>\r\n	<li>Chất liệu: Thun cotton 100%</li>\r\n	<li>Xuất xứ: Việt Nam</li>\r\n	<li>Size M - L - XL ( 50 - 75kg ) - M : 50 - 58kg - L : 59 - 67kg - XL : 68 - 75kg - XXL: 76 - 84 kg - XXXL: 85 - 95 kg</li>\r\n</ol>\r\n', 1, 6, 6, '2020-12-04 13:32:50', '2020-12-05 08:14:43'),
(96, 'Áo Sơ Mi Nam Cổ Bẻ Dài Tay', 89000, 16, '20201205_25339.jpg', 2, 8, '<p>1. GIỚI THIỆU SẢN PHẨM</p>\r\n\r\n<p>&Aacute;o Sơ Mi Nam d&agrave;i tay d&aacute;ng ấp ủ body , chống nhăn cao cấp ch&iacute;nh l&agrave; gợi &yacute; xuất sắc cho nam giới mỗi l&uacute;c chọn lựa trang phục mỗi ng&agrave;y.</p>\r\n\r\n<p>Sở hữu những mẫu &aacute;o sơ mi nam mẫu m&atilde; thuần tu&yacute; v&agrave; to&aacute;t l&ecirc;n vẻ lịch l&atilde;m tinh tế, mang đến bắt mắt phong c&aacute;ch trẻ trung, năng động cứng c&aacute;p sẽ l&agrave; lựa chọn l&yacute; tưởng cho ch&agrave;ng trai hiện đại, nam t&iacute;nh. những d&ograve;ng &aacute;o sơ mi d&agrave;i tay d&aacute;ng d&ugrave; h&agrave;i h&ograve;a c&oacute; quần &acirc;u, quần jeans l&uacute;c đi khiến hay diện c&ugrave;ng quần ngố, quần short đi chơi đều nổi bật, thoải m&aacute;i v&agrave; c&aacute; t&iacute;nh. c&oacute; form d&aacute;ng vừa vặn c&aacute;c ch&agrave;ng với thể tự tin khoe body cực chuẩn của m&igrave;nh. H&atilde;y bổ sung ngay v&agrave;o tủ đồ item n&agrave;y để diện thật chất nh&eacute;!</p>\r\n\r\n<p>2. Th&ocirc;ng tin CHI TIẾT</p>\r\n\r\n<p>- Chất liệu: 100% chất cotton lụa, thấm h&uacute;t mồ h&ocirc;i -Chất vải sờ mịn ko bai, kh&ocirc;ng nhăn, ko x&ugrave;</p>\r\n\r\n<p>- Quy c&aacute;ch, ti&ecirc;u chuẩn tuyến phố may tinh tế, tỉ mỉ trong từng chi tiết</p>\r\n\r\n<p>- Ngo&agrave;i mặt: ngo&agrave;i mặt thuần tu&yacute;, dễ mặc, dễ phối đồ</p>\r\n\r\n<p>- Form body H&agrave;n Quốc mang lại phong c&aacute;ch trẻ trung, lịch duyệt</p>\r\n\r\n<p>- Chất lượng sản phẩm phải chăng, gi&aacute; cả hợp l&yacute;</p>\r\n', 0, 15, 15, '2020-12-05 12:46:37', '2020-12-05 12:46:37'),
(97, 'Quần short kaki nam', 139000, 43, '20201205_39316.jpg', 5, 9, '<p>TH&Ocirc;NG TIN CHI TIẾT</p>\r\n\r\n<p>&nbsp;Chất liệu: vải kaki t&uacute;i rộng thoải m&aacute;i</p>\r\n\r\n<p>&nbsp;Kh&ocirc;ng x&ugrave; l&ocirc;ng bay m&agrave;u</p>\r\n\r\n<p>&nbsp;M&agrave;u sắc đa dạng, trẻ trung..&nbsp;</p>\r\n\r\n<p>Được sx bởi c&ocirc;ng ty TNHH MTV LADOS VIỆT NAM</p>\r\n\r\n<p>&nbsp;Đường may tinh tế, chỉn chu, kh&eacute;o l&eacute;o ...</p>\r\n\r\n<p>---&gt; M&agrave;u sắc sẽ ch&ecirc;nh lệch 1 x&iacute;u do &aacute;nh s&aacute;ng l&uacute;c chụp Cam kết tất cả h&igrave;nh ảnh đều l&agrave; h&igrave;nh thật, do b&ecirc;n shop tự chụp</p>\r\n', 0, 15, 6, '2020-12-05 13:12:18', '2020-12-09 12:13:07'),
(98, 'Áo khoác da lót lông', 798000, 46, '20201205_30668.jpg', 3, 9, '<p>TH&Ocirc;NG TIN THƯƠNG HIỆU</p>\r\n\r\n<p>Ch&uacute;ng t&ocirc;i h&acirc;n hạnh v&agrave; lu&ocirc;n cố gắng để mang đến cho qu&yacute; kh&aacute;ch những sản phẩm chất lượng với gi&aacute; cả tốt nhất v&agrave; dịch vụ uy t&iacute;n.</p>\r\n\r\n<p>Tất cả c&aacute;c sản phẩm của shop đều được ch&uacute;ng t&ocirc;i tuyển chọn một c&aacute;ch kỹ lưỡng sao cho ph&ugrave; hợp với phong c&aacute;ch Ch&acirc;u &Aacute; v&agrave; bắt nhịp c&ugrave;ng xu hướng trẻ.</p>\r\n\r\n<p>Đến với ch&uacute;ng t&ocirc;i kh&aacute;ch h&agrave;ng c&oacute; thể y&ecirc;n t&acirc;m mua h&agrave;ng với nhiều mẫu m&atilde; được cập nhật thường xuy&ecirc;n v&agrave; nhiều khuyến mại hấp dẫn.</p>\r\n\r\n<p>&Aacute;o kho&aacute;c nam ng&agrave;y nay ngo&agrave;i việc che chắn, mang lại sự ấm &aacute;p, n&oacute; c&ograve;n gi&uacute;p người mặc thể hiện phong c&aacute;ch, c&aacute; t&iacute;nh của bản th&acirc;n.</p>\r\n\r\n<p>Thỏa m&atilde;n những ti&ecirc;u ch&iacute; tr&ecirc;n, tự tin mang đến cho bạn mẫu &Aacute;o Kho&aacute;c Da L&oacute;t L&ocirc;ng Cao Cấp mới nhất năm.</p>\r\n\r\n<p>- Với thiết kế d&aacute;ng &aacute;o cổ điển nhưng mang phong c&aacute;ch đầy hiện đại, trẻ trung.</p>\r\n\r\n<p>- &Aacute;o m&agrave;u trơn, kh&ocirc;ng cầu k&igrave; thể hiện sự ph&oacute;ng kho&aacute;ng, mạnh mẽ của ph&aacute;i mạnh.</p>\r\n\r\n<p>- Lớp &aacute;o trong l&oacute;t l&ocirc;ng mềm mại mang lại cảm gi&aacute;c dễ chịu v&agrave; rất ấm &aacute;p.</p>\r\n\r\n<p>- Form &aacute;o vừa vặn &ocirc;m d&aacute;ng chuẩn.</p>\r\n\r\n<p>- Đường may tỉ mỉ, cẩn thận, c&ugrave;ng những đường cắt đ&uacute;p tinh tế, sẽ mang lại cho bạn n&eacute;t đẹp sang trọng lịch l&atilde;m.</p>\r\n', 0, 15, 15, '2020-12-05 13:15:26', '2020-12-05 13:15:26'),
(99, 'BST bộ quần áo legging co giãn', 450000, 36, '20201205_64845.jpg', 4, 10, '<p>1. TH&Ocirc;NG TIN M&Ocirc; TẢ : BST Bộ Quần &Aacute;o Legging Nam</p>\r\n\r\n<p>- Quần &Aacute;o Giữ Nhiệt 3 in 1 Đen X&aacute;m</p>\r\n\r\n<p>- Bộ Quần &Aacute;o Legging Nam</p>\r\n\r\n<p>- Quần &Aacute;o Giữ Nhiệt 3 in 1 Đen X&aacute;m gồm 1 quần d&agrave;i , 1 quần đ&ugrave;i v&agrave; 1 &aacute;o d&agrave;i tay</p>\r\n\r\n<p>- Bộ Quần &Aacute;o Legging Nam</p>\r\n\r\n<p>- Quần &Aacute;o Giữ Nhiệt 3 in 1 Đen X&aacute;m được l&agrave;m chất liệu thun Polyester 4 chiều chiều mềm mịn, tho&aacute;ng kh&iacute;, độ đ&agrave;n hồi cao</p>\r\n\r\n<p>- M&agrave;u sắc bộ Legging Nam</p>\r\n\r\n<p>-Quần Giữ Nhiệt Nam : Đen X&aacute;m</p>\r\n\r\n<p>- Chất vải kh&ocirc;ng nhăn, kh&ocirc;ng x&ugrave;, kh&ocirc;ng bai, kh&ocirc;ng phai m&agrave;u</p>\r\n\r\n<p>- Giữ m&aacute;t tối đa cho cơ thể, kh&ocirc; tho&aacute;ng nhanh ch&oacute;ng</p>\r\n\r\n<p>- Thiết kế form &ocirc;m thoải m&aacute;i - Giữ ấm rất tốt - Mặt vải được gia c&ocirc;ng mềm mịn</p>\r\n\r\n<p>- Giặt m&aacute;y thoải m&aacute;i kh&ocirc;ng bai x&ugrave;, kh&ocirc;ng d&atilde;o - Đường chỉ may đều đặn, chắc chắn</p>\r\n\r\n<p>- Kiểu d&aacute;ng đẹp, ph&ugrave; hợp với tập gym, vận động thể thao</p>\r\n\r\n<p>&nbsp;</p>\r\n\r\n<p>2. C&Aacute;CH CHỌN SIZE</p>\r\n\r\n<p>- Size M từ 50 kg - 58 kg</p>\r\n\r\n<p>- Size L từ 59 kg - 67 kg</p>\r\n\r\n<p>- Size XL từ 68 kg - 76 kg</p>\r\n\r\n<p>- Size XXL từ 77 kg - 85 kg</p>\r\n', 0, 15, 15, '2020-12-05 13:18:27', '2020-12-05 13:20:15'),
(100, 'Giày thể thao da bò', 840000, 23, '20201205_34074.jpg', 21, 8, '<p>TH&Ocirc;NG TIN SẢN PHẨM</p>\r\n\r\n<p>- Chất liệu: Da b&ograve; cao cấp, nhập khẩu nguy&ecirc;n miếng.</p>\r\n\r\n<p>Đế cao su đ&uacute;c nguy&ecirc;n khối</p>\r\n\r\n<p>- M&agrave;u sắc: Trắng hiện đại phối m&agrave;u thời trang</p>\r\n\r\n<p>- Kiểu d&aacute;ng: Thiết kế bởi SmartMen , l&agrave; d&ograve;ng gi&agrave;y sneaker nặng động ,trẻ trung</p>\r\n\r\n<p>- Xuất xứ: Thiết kế, sản xuất v&agrave; ph&acirc;n phối độc quyền bởi SMARTMEN.</p>\r\n', 0, 15, 15, '2020-12-05 13:23:53', '2020-12-05 13:23:53');

-- --------------------------------------------------------

--
-- Cấu trúc bảng cho bảng `size`
--

CREATE TABLE `size` (
  `id` int(11) NOT NULL,
  `SoTT` tinyint(4) NOT NULL,
  `TenSize` varchar(15) COLLATE utf8_unicode_ci NOT NULL
) ENGINE=InnoDB DEFAULT CHARSET=utf8 COLLATE=utf8_unicode_ci;

--
-- Đang đổ dữ liệu cho bảng `size`
--

INSERT INTO `size` (`id`, `SoTT`, `TenSize`) VALUES
(1, 3, 'X'),
(3, 7, '29'),
(4, 2, 'L'),
(5, 4, 'XL'),
(6, 5, 'XXL'),
(10, 1, 'M'),
(11, 8, '30'),
(12, 6, '28'),
(13, 30, 'Freesize'),
(14, 9, '31'),
(15, 10, '32'),
(19, 11, '33'),
(20, 12, '34'),
(21, 0, 'S'),
(22, 13, '35'),
(23, 14, '36'),
(24, 15, '37'),
(25, 16, '38'),
(26, 17, '39'),
(27, 18, '40'),
(28, 19, '41'),
(29, 20, '42'),
(30, 21, '43'),
(31, 22, '44'),
(32, 23, '6-7'),
(33, 24, '8-9'),
(34, 25, '10-11'),
(35, 26, '12-13');

-- --------------------------------------------------------

--
-- Cấu trúc bảng cho bảng `thuong_hieu`
--

CREATE TABLE `thuong_hieu` (
  `id` int(11) NOT NULL,
  `SoTT` tinyint(4) NOT NULL,
  `TenTH` varchar(30) COLLATE utf8_unicode_ci NOT NULL,
  `HienThi` tinyint(4) NOT NULL DEFAULT 0,
  `Created_at` timestamp NOT NULL DEFAULT current_timestamp(),
  `Update_at` timestamp NOT NULL DEFAULT current_timestamp() ON UPDATE current_timestamp()
) ENGINE=InnoDB DEFAULT CHARSET=utf8 COLLATE=utf8_unicode_ci;

--
-- Đang đổ dữ liệu cho bảng `thuong_hieu`
--

INSERT INTO `thuong_hieu` (`id`, `SoTT`, `TenTH`, `HienThi`, `Created_at`, `Update_at`) VALUES
(4, 10, 'No Brands', 1, '2020-10-20 05:36:12', '2020-11-21 15:55:14'),
(7, 1, 'N7', 1, '2020-10-26 04:02:04', '2020-12-05 01:48:43'),
(8, 2, 'SMARTMEN', 1, '2020-11-21 06:12:39', '2020-12-05 07:24:53'),
(9, 3, 'Lados', 1, '2020-11-21 06:23:46', '2020-12-05 03:04:25'),
(10, 4, 'VICERO', 1, '2020-11-21 15:59:52', '2020-12-05 03:44:42'),
(11, 8, 'ZERO', 1, '2020-12-01 06:06:58', '2020-12-05 07:29:24');

-- --------------------------------------------------------

--
-- Cấu trúc bảng cho bảng `traloibl`
--

CREATE TABLE `traloibl` (
  `id` int(11) NOT NULL,
  `NoiDung` text COLLATE utf8_unicode_ci NOT NULL,
  `id_BinhLuan` int(11) NOT NULL,
  `id_admin` int(11) NOT NULL,
  `created_at` timestamp NOT NULL DEFAULT current_timestamp()
) ENGINE=InnoDB DEFAULT CHARSET=utf8 COLLATE=utf8_unicode_ci;

--
-- Đang đổ dữ liệu cho bảng `traloibl`
--

INSERT INTO `traloibl` (`id`, `NoiDung`, `id_BinhLuan`, `id_admin`, `created_at`) VALUES
(110, 'Cảm ơn bạn đã phản hồi.', 60, 6, '2020-12-07 04:58:47'),
(113, 'BLOCK M NHE', 63, 6, '2020-12-09 01:26:16');

-- --------------------------------------------------------

--
-- Cấu trúc bảng cho bảng `users`
--

CREATE TABLE `users` (
  `id` int(11) NOT NULL,
  `HoTen` varchar(50) COLLATE utf8_unicode_ci NOT NULL,
  `Email` varchar(100) COLLATE utf8_unicode_ci NOT NULL,
  `DienThoai` varchar(12) COLLATE utf8_unicode_ci NOT NULL,
  `DiaChi` varchar(100) COLLATE utf8_unicode_ci NOT NULL,
  `MatKhau` char(60) COLLATE utf8_unicode_ci NOT NULL,
  `NgaySinh` date NOT NULL,
  `GioiTinh` varchar(3) COLLATE utf8_unicode_ci NOT NULL,
  `TrangThai` tinyint(4) DEFAULT 1,
  `Created_at` timestamp NOT NULL DEFAULT current_timestamp(),
  `Update_at` timestamp NOT NULL DEFAULT current_timestamp() ON UPDATE current_timestamp()
) ENGINE=InnoDB DEFAULT CHARSET=utf8 COLLATE=utf8_unicode_ci;

--
-- Đang đổ dữ liệu cho bảng `users`
--

INSERT INTO `users` (`id`, `HoTen`, `Email`, `DienThoai`, `DiaChi`, `MatKhau`, `NgaySinh`, `GioiTinh`, `TrangThai`, `Created_at`, `Update_at`) VALUES
(35, 'Trần Hoàng Kha', 'tranhoanhkha3667@gmail.com', '0364784406', 'Rạch giá', '$2y$10$18D.w0uOfkawEtM8GeclluX/2o3036aIFOSKC3DgDwXHMA7wlvj2G', '2003-07-01', 'Nam', 1, '2020-07-05 09:30:42', '2021-03-03 03:55:11'),
(44, 'Trần Minh Tân', 'tranminhtran@gmail.com', '0942732234', 'Rạch Giá, tỉnh Kiên Giang', '$2y$10$ros/GUAEdW1W1a8eItEZVeLL4xrwbFVJN272a4avIlmWHNduPIxR6', '1999-12-03', 'Nam', 1, '2020-12-05 08:08:18', '2020-12-05 08:08:18'),
(45, 'Nguyễn Bích', 'nguyenbich@gmail.com', '0987236236', '30 tháng 4 Khu vực 2 P.Thuận An TX., TT. Long Mỹ, Long Mỹ, Hậu Giang, Việt Nam', '$2y$10$zzj9eqTbR36feI/9PwooVOXPKJqeg.e4xE1ou8irPXddkgR/cx36m', '2003-11-09', 'Nữ', 1, '2020-12-05 08:44:07', '2020-12-09 10:08:36'),
(46, 'Hoang', 'thanhhoang@gmail.com', '0364784123', 'ca mau', '$2y$10$LFd4Vy2fH4csULFb8UFUzexahcTCelFRZb2eeLx1bmZiF16ApW1we', '1999-01-23', 'Nam', 0, '2020-12-09 01:19:32', '2020-12-09 09:56:36');

--
-- Chỉ mục cho các bảng đã đổ
--

--
-- Chỉ mục cho bảng `admin`
--
ALTER TABLE `admin`
  ADD PRIMARY KEY (`id`);

--
-- Chỉ mục cho bảng `adver`
--
ALTER TABLE `adver`
  ADD PRIMARY KEY (`id`);

--
-- Chỉ mục cho bảng `banner`
--
ALTER TABLE `banner`
  ADD PRIMARY KEY (`id`);

--
-- Chỉ mục cho bảng `binhluan`
--
ALTER TABLE `binhluan`
  ADD PRIMARY KEY (`id`,`id_SanPham`,`id_User`) USING BTREE,
  ADD KEY `fk_id_SanPham_BL` (`id_SanPham`),
  ADD KEY `fk_id_User_BL` (`id_User`);

--
-- Chỉ mục cho bảng `blog`
--
ALTER TABLE `blog`
  ADD PRIMARY KEY (`id`),
  ADD KEY `fk_Created_by_blog` (`Created_by`),
  ADD KEY `fk_Update_by_Blog` (`Update_by`);

--
-- Chỉ mục cho bảng `chi_tiet_dh`
--
ALTER TABLE `chi_tiet_dh`
  ADD PRIMARY KEY (`id`,`id_DonHang`,`id_SanPham`,`id_CT_Size`) USING BTREE,
  ADD KEY `FK_id_DonHang` (`id_DonHang`),
  ADD KEY `FK_id_SanPham` (`id_SanPham`),
  ADD KEY `fk_id_CT_Size` (`id_CT_Size`);

--
-- Chỉ mục cho bảng `ct_size`
--
ALTER TABLE `ct_size`
  ADD PRIMARY KEY (`id`,`id_Size`,`id_SanPham`) USING BTREE,
  ADD KEY `fk_id_SanPham_Size` (`id_SanPham`),
  ADD KEY `FK_id_Size` (`id_Size`);

--
-- Chỉ mục cho bảng `danhgia`
--
ALTER TABLE `danhgia`
  ADD PRIMARY KEY (`id`,`id_User`,`id_SanPham`) USING BTREE,
  ADD KEY `fk_id_User_DG` (`id_User`),
  ADD KEY `fk_id_SanPham_DG` (`id_SanPham`);

--
-- Chỉ mục cho bảng `danh_muc`
--
ALTER TABLE `danh_muc`
  ADD PRIMARY KEY (`id`),
  ADD KEY `FK_id_DanhMC` (`id_DanhMC`);

--
-- Chỉ mục cho bảng `danh_muc_cha`
--
ALTER TABLE `danh_muc_cha`
  ADD PRIMARY KEY (`id`);

--
-- Chỉ mục cho bảng `don_hang`
--
ALTER TABLE `don_hang`
  ADD PRIMARY KEY (`id`),
  ADD KEY `FK_id_Users` (`id_Users`);

--
-- Chỉ mục cho bảng `lienhe`
--
ALTER TABLE `lienhe`
  ADD PRIMARY KEY (`id`);

--
-- Chỉ mục cho bảng `san_pham`
--
ALTER TABLE `san_pham`
  ADD PRIMARY KEY (`id`),
  ADD KEY `FK_id_DanhMuc` (`id_DanhMuc`),
  ADD KEY `FK_id_ADMIN` (`Created_by`),
  ADD KEY `fk_id_ThuongHieu` (`id_ThuongHieu`),
  ADD KEY `fk_id_ADMIN_UPDATE` (`Update_by`);

--
-- Chỉ mục cho bảng `size`
--
ALTER TABLE `size`
  ADD PRIMARY KEY (`id`);

--
-- Chỉ mục cho bảng `thuong_hieu`
--
ALTER TABLE `thuong_hieu`
  ADD PRIMARY KEY (`id`);

--
-- Chỉ mục cho bảng `traloibl`
--
ALTER TABLE `traloibl`
  ADD PRIMARY KEY (`id`) USING BTREE,
  ADD KEY `FK_id_admin_reply` (`id_admin`),
  ADD KEY `fk_id_BInhLuan` (`id_BinhLuan`);

--
-- Chỉ mục cho bảng `users`
--
ALTER TABLE `users`
  ADD PRIMARY KEY (`id`);

--
-- AUTO_INCREMENT cho các bảng đã đổ
--

--
-- AUTO_INCREMENT cho bảng `admin`
--
ALTER TABLE `admin`
  MODIFY `id` int(11) NOT NULL AUTO_INCREMENT, AUTO_INCREMENT=16;

--
-- AUTO_INCREMENT cho bảng `adver`
--
ALTER TABLE `adver`
  MODIFY `id` int(11) NOT NULL AUTO_INCREMENT, AUTO_INCREMENT=9;

--
-- AUTO_INCREMENT cho bảng `banner`
--
ALTER TABLE `banner`
  MODIFY `id` int(11) NOT NULL AUTO_INCREMENT, AUTO_INCREMENT=8;

--
-- AUTO_INCREMENT cho bảng `binhluan`
--
ALTER TABLE `binhluan`
  MODIFY `id` int(11) NOT NULL AUTO_INCREMENT, AUTO_INCREMENT=64;

--
-- AUTO_INCREMENT cho bảng `blog`
--
ALTER TABLE `blog`
  MODIFY `id` int(11) NOT NULL AUTO_INCREMENT, AUTO_INCREMENT=7;

--
-- AUTO_INCREMENT cho bảng `chi_tiet_dh`
--
ALTER TABLE `chi_tiet_dh`
  MODIFY `id` int(11) NOT NULL AUTO_INCREMENT, AUTO_INCREMENT=154;

--
-- AUTO_INCREMENT cho bảng `ct_size`
--
ALTER TABLE `ct_size`
  MODIFY `id` int(11) NOT NULL AUTO_INCREMENT, AUTO_INCREMENT=378;

--
-- AUTO_INCREMENT cho bảng `danhgia`
--
ALTER TABLE `danhgia`
  MODIFY `id` int(11) NOT NULL AUTO_INCREMENT, AUTO_INCREMENT=57;

--
-- AUTO_INCREMENT cho bảng `danh_muc`
--
ALTER TABLE `danh_muc`
  MODIFY `id` int(11) NOT NULL AUTO_INCREMENT, AUTO_INCREMENT=30;

--
-- AUTO_INCREMENT cho bảng `danh_muc_cha`
--
ALTER TABLE `danh_muc_cha`
  MODIFY `id` int(11) NOT NULL AUTO_INCREMENT, AUTO_INCREMENT=17;

--
-- AUTO_INCREMENT cho bảng `don_hang`
--
ALTER TABLE `don_hang`
  MODIFY `id` int(11) NOT NULL AUTO_INCREMENT, AUTO_INCREMENT=149;

--
-- AUTO_INCREMENT cho bảng `lienhe`
--
ALTER TABLE `lienhe`
  MODIFY `id` int(11) NOT NULL AUTO_INCREMENT, AUTO_INCREMENT=2;

--
-- AUTO_INCREMENT cho bảng `san_pham`
--
ALTER TABLE `san_pham`
  MODIFY `id` int(11) NOT NULL AUTO_INCREMENT, AUTO_INCREMENT=101;

--
-- AUTO_INCREMENT cho bảng `size`
--
ALTER TABLE `size`
  MODIFY `id` int(11) NOT NULL AUTO_INCREMENT, AUTO_INCREMENT=37;

--
-- AUTO_INCREMENT cho bảng `thuong_hieu`
--
ALTER TABLE `thuong_hieu`
  MODIFY `id` int(11) NOT NULL AUTO_INCREMENT, AUTO_INCREMENT=12;

--
-- AUTO_INCREMENT cho bảng `traloibl`
--
ALTER TABLE `traloibl`
  MODIFY `id` int(11) NOT NULL AUTO_INCREMENT, AUTO_INCREMENT=116;

--
-- AUTO_INCREMENT cho bảng `users`
--
ALTER TABLE `users`
  MODIFY `id` int(11) NOT NULL AUTO_INCREMENT, AUTO_INCREMENT=48;

--
-- Các ràng buộc cho các bảng đã đổ
--

--
-- Các ràng buộc cho bảng `binhluan`
--
ALTER TABLE `binhluan`
  ADD CONSTRAINT `fk_id_SanPham_BL` FOREIGN KEY (`id_SanPham`) REFERENCES `san_pham` (`id`),
  ADD CONSTRAINT `fk_id_User_BL` FOREIGN KEY (`id_User`) REFERENCES `users` (`id`);

--
-- Các ràng buộc cho bảng `blog`
--
ALTER TABLE `blog`
  ADD CONSTRAINT `fk_Created_by_blog` FOREIGN KEY (`Created_by`) REFERENCES `admin` (`id`),
  ADD CONSTRAINT `fk_Update_by_Blog` FOREIGN KEY (`Update_by`) REFERENCES `admin` (`id`);

--
-- Các ràng buộc cho bảng `chi_tiet_dh`
--
ALTER TABLE `chi_tiet_dh`
  ADD CONSTRAINT `FK_id_DonHang` FOREIGN KEY (`id_DonHang`) REFERENCES `don_hang` (`id`),
  ADD CONSTRAINT `FK_id_SanPham` FOREIGN KEY (`id_SanPham`) REFERENCES `san_pham` (`id`),
  ADD CONSTRAINT `fk_id_CT_Size` FOREIGN KEY (`id_CT_Size`) REFERENCES `size` (`id`);

--
-- Các ràng buộc cho bảng `ct_size`
--
ALTER TABLE `ct_size`
  ADD CONSTRAINT `FK_id_Size` FOREIGN KEY (`id_Size`) REFERENCES `size` (`id`),
  ADD CONSTRAINT `fk_id_SanPham_Size` FOREIGN KEY (`id_SanPham`) REFERENCES `san_pham` (`id`);

--
-- Các ràng buộc cho bảng `danhgia`
--
ALTER TABLE `danhgia`
  ADD CONSTRAINT `fk_id_SanPham_DG` FOREIGN KEY (`id_SanPham`) REFERENCES `san_pham` (`id`),
  ADD CONSTRAINT `fk_id_User_DG` FOREIGN KEY (`id_User`) REFERENCES `users` (`id`);

--
-- Các ràng buộc cho bảng `danh_muc`
--
ALTER TABLE `danh_muc`
  ADD CONSTRAINT `FK_id_DanhMC` FOREIGN KEY (`id_DanhMC`) REFERENCES `danh_muc_cha` (`id`);

--
-- Các ràng buộc cho bảng `don_hang`
--
ALTER TABLE `don_hang`
  ADD CONSTRAINT `FK_id_Users` FOREIGN KEY (`id_Users`) REFERENCES `users` (`id`);

--
-- Các ràng buộc cho bảng `san_pham`
--
ALTER TABLE `san_pham`
  ADD CONSTRAINT `FK_id_ADMIN_CREATED` FOREIGN KEY (`Created_by`) REFERENCES `admin` (`id`),
  ADD CONSTRAINT `FK_id_DanhMuc` FOREIGN KEY (`id_DanhMuc`) REFERENCES `danh_muc` (`id`),
  ADD CONSTRAINT `fk_id_ADMIN_UPDATE` FOREIGN KEY (`Update_by`) REFERENCES `admin` (`id`),
  ADD CONSTRAINT `fk_id_ThuongHieu` FOREIGN KEY (`id_ThuongHieu`) REFERENCES `thuong_hieu` (`id`);

--
-- Các ràng buộc cho bảng `traloibl`
--
ALTER TABLE `traloibl`
  ADD CONSTRAINT `FK_id_admin_reply` FOREIGN KEY (`id_admin`) REFERENCES `admin` (`id`),
  ADD CONSTRAINT `fk_id_BInhLuan` FOREIGN KEY (`id_BinhLuan`) REFERENCES `binhluan` (`id`);
COMMIT;

/*!40101 SET CHARACTER_SET_CLIENT=@OLD_CHARACTER_SET_CLIENT */;
/*!40101 SET CHARACTER_SET_RESULTS=@OLD_CHARACTER_SET_RESULTS */;
/*!40101 SET COLLATION_CONNECTION=@OLD_COLLATION_CONNECTION */;
